Denominación,Temas,Subtemas,Tipos,Subtipos,Subsubtipos,Perfiles,Estructura orgánica,Tramitación presencial,Tramitación telemática + url,Tramitación telefónica,Texto
"Ayudas económicas para realización de obras de Eliminación de Barreras Arquitectónicas","Vivienda","Otros Vivienda","Vivienda|Otros trámites","Subvenciones, ayudas y bonificaciones|Ayudas y Subvenciones","",""," EMVIALSA","Sí","No","No","<div class=""fichatramites""><div class=""cajatramitacion""><ul>	<li><img alt=""Tr&aacute;mite presencial"" class=""img_Sin"" id=""Imagen_19_1556885722403"" src=""http://www.alcobendas.org/recursos/img/Comunes/725057619_216201012211.gif"" /><a href=""#presencial"">Presencial</a></li></ul><p>Los edificios con barreras arquitect&oacute;nicas podr&aacute;n acometer las obras necesarias para eliminaci&oacute;n de las mismas, benefici&aacute;ndose de ayudas econ&oacute;micas municipales que concede el Ayuntamiento de Alcobendas dentro su Programa de Rehabilitaci&oacute;n y Renovaci&oacute;n Urbana </p><p>Las actuaciones de Eliminaci&oacute;n de Barreras Arquitect&oacute;nicas, objeto de ayuda econ&oacute;mica, se ejecutar&aacute;n para facilitar la accesibilidad en las zonas comunes, zona de distribuci&oacute;n y acceso a viviendas del/los edificio/os, y, ser&aacute;n las recogidas en la siguiente relaci&oacute;n: a) Ejecuci&oacute;n de rampas b) Instalaci&oacute;n de silla salva-escaleras y/o plataforma elevadora c) Instalaci&oacute;n de ascensor. </p><p>Dichos elementos no deber&aacute;n existir con car&aacute;cter previo a la solicitud de ayuda econ&oacute;mica. </p></div><div class=""modulo100""><div class=""datosinteres""><div class=""separador""><h5>Solicitante:</h5><p>&ndash; Comunidad o mancomunidad de propietarios constituidas por edificios divididos horizontalmente, consider&aacute;ndose el Presidente de la misma la persona que actuar&aacute; en su representaci&oacute;n. </p><p>&ndash; Titulares de fincas dentro de los edificios en alguna de sus tipolog&iacute;as, en calidad de propietarios, subarrendatarios o usufructuarios, o sean usuarios de las mismas, acogidos a la Ley 15/1995, de 30 de mayo sobre L&iacute;mites del Dominio sobre Inmuebles para Eliminar Barreras Arquitect&oacute;nicas a las Personas con Discapacidad. (Personas con minusval&iacute;a con disminuci&oacute;n permanente para andar, subir escaleras o salvar barreras arquitect&oacute;nicas, se precise o no el uso de pr&oacute;tesis o de silla de rudas y/o personas mayores de 70 a&ntilde;os)&nbsp; </p><p>&ndash;&nbsp;Propietarios de viviendas unifamiliares. </p><p>&ndash; Propietarios de viviendas individuales o locales incluidos en los edificios de comunidad o mancomunidad de propietarios y viviendas unifamiliares relacionados en el punto anterior. </p><h5>Documentaci&oacute;n:</h5><p>&nbsp;&nbsp;&nbsp;&nbsp;<strong> &bull;&nbsp;&nbsp; </strong><a href=""/es/portal.do?TR=A&amp;IDR=1&amp;identificador=2717"" id=""Documento_2717_4697918548346"">Bases reguladoras de la concesi&oacute;n de las ayudas</a> </p><h5>Forma de iniciaci&oacute;n</h5><p>A petici&oacute;n del interesado </p><h5>Otros datos de inter&eacute;s</h5><p>Puede consultar la cuant&iacute;a de las ayudas en el <a href=""/es/portal.do?TR=A&amp;IDR=1&amp;identificador=2717"" id=""Documento_2717_4219224732950"">apartado 6) de las bases reguladoras</a> </p><h5>Forma de tramitaci&oacute;n</h5><ul class=""tipo2"">	<li><img alt=""tr&aacute;mite presencial"" class=""img_Sin"" id=""Imagen_23_647478058932"" src=""http://www.alcobendas.org/recursos/img/Comunes/396946502_2162010123128.gif"" /><a title=""presencial"" name=""presencial""></a><strong>Presencial:&nbsp;&nbsp;</strong> En la <a href=""/es/cargarFichaTerritorial.do?identificador=585"" id=""FichaTerritorial_585"">Oficina de Rehabilitaci&oacute;n de Edificios y Viviendas </a></li></ul><h5></h5></div></div><!--fin fichaterritoriales--></div></div>"
"Ayudas económicas para realización de obras de I.T.E. y Órdenes de Ejecución Municipal con carácter urgente","Vivienda","Otros Vivienda","Vivienda|Otros trámites","Subvenciones, ayudas y bonificaciones|Ayudas y Subvenciones","",""," EMVIALSA","Sí","No","No","<div class=""fichatramites""><div class=""cajatramitacion""><ul>	<li><img alt=""Tr&aacute;mite presencial"" class=""img_Sin"" id=""Imagen_19_2274850469609"" src=""http://www.alcobendas.org/recursos/img/Comunes/725057619_216201012211.gif"" /><a href=""#presencial"">Presencial</a></li></ul><p>Estas ayudas est&aacute;n dirigidas a obras derivadas de una inspecci&oacute;n desfavorable, de una orden de ejecuci&oacute;n municipal o de car&aacute;cter de urgencia en todo el t&eacute;rmino municipal. </p><p>Las actuaciones de Rehabilitaci&oacute;n, objeto de ayuda econ&oacute;mica, ser&aacute;n las siguientes: </p><p>a) Obras derivadas de Inspecci&oacute;n T&eacute;cnica Desfavorable, requeridas por el Departamento de Licencias y Disciplina Urban&iacute;stica del Ayuntamiento de Alcobendas seg&uacute;n calendario aprobado con fecha 5 de abril de 2016 en relaci&oacute;n a la Ordenanza Municipal de Inspecci&oacute;n T&eacute;cnica de Edificios vigente (O.I.T.E.) cumpliendo con las condiciones y los plazos fijados en la misma. </p><p>b) Obras derivadas de Orden de Ejecuci&oacute;n Municipal con car&aacute;cter de urgencia del Departamento de Licencias y Disciplina Urban&iacute;stica del Ayuntamiento de Alcobendas. </p></div><div class=""modulo100""><div class=""datosinteres""><div class=""separador""><h5>Solicitante:</h5><p>1. Comunidades y mancomunidades de propietarios, constituidas por edificios divididos horizontalmente, consider&aacute;ndose el Presidente de la misma la persona que actuar&aacute; en su representaci&oacute;n. </p><p>&ndash; Propietarios &uacute;nicos de edificios completos, con uso de vivienda. </p><p>&ndash; Propietarios de viviendas unifamiliares. </p><p>2. Propietarios de viviendas individuales o locales incluidos en los edificios de comunidad o mancomunidad de propietarios y viviendas unifamiliares relacionados en el punto anterior. </p><h5>Documentaci&oacute;n:</h5><p>&nbsp;&nbsp;&nbsp;&nbsp;<strong> &bull;&nbsp; </strong><a href=""/es/portal.do?TR=A&amp;IDR=1&amp;identificador=2718"" id=""Documento_2718_3858145268943"">Bases reguladoras de la concesi&oacute;n de las ayudas</a> </p><h5>Forma de iniciaci&oacute;n</h5><p>A petici&oacute;n del interesado. </p><h5>Otros datos de inter&eacute;s</h5><p>La cuant&iacute;a de las subvenciones vienen recogidas <a href=""/es/portal.do?TR=A&amp;IDR=1&amp;identificador=2718"" id=""Documento_2718_2770532769062"">en el apartado 6) de las bases reguladoras</a> </p><h5>Forma de tramitaci&oacute;n</h5><ul class=""tipo2"">	<li><img alt=""tr&aacute;mite presencial"" class=""img_Sin"" id=""Imagen_23_536885816085"" src=""http://www.alcobendas.org/recursos/img/Comunes/396946502_2162010123128.gif"" /><a title=""presencial"" name=""presencial""></a><strong>Presencial:&nbsp; </strong>En la <a href=""/es/cargarFichaTerritorial.do?identificador=585"" id=""FichaTerritorial_585"">Oficina de Rehabilitaci&oacute;n de Edificios y Viviendas</a></li></ul><h5>Plazo:</h5><p>Hasta agotar el presupuesto destinado </p></div></div><!--fin fichaterritoriales--></div><div class=""infotramite""></div></div>"
"Convocatoria adjudicación 50 viviendas con Protección Pública Básica en Real Vieja y Capitan Fco. Sánchez c/v Empecinado","Vivienda","Promoción Pública","Vivienda","Viviendas Municipales","",""," EMVIALSA","Sí","No","No","<div class=""fichatramites""><div class=""cajatramitacion""><ul>	<li><img alt=""Tr&aacute;mite presencial"" class=""img_Sin"" id=""Imagen_19_6370576765611"" src=""http://www.alcobendas.org/recursos/img/Comunes/725057619_216201012211.gif"" /><a href=""#presencial"">Presencial</a></li></ul></div><div class=""fichatramites""><div class=""modulo100""><div class=""datosinteres""><div class=""separador""><h5>Requisitos:</h5><p><a href=""/es/portal.do?TR=A&amp;IDR=1&amp;identificador=6323"" id=""Documento_6323_5228954997559"" title=""Sorteo 23-09-2015"">Resultados del sorteo celebrado el 23-09-2015</a></p><p><a href=""/es/portal.do?TR=A&amp;IDR=1&amp;identificador=6282"" id=""Documento_6282_5084919205201"" title=""Listado solicitudes admitidas con n&uacute;mero de sorteo"">Listado de solicitudes admitidas con asignaci&oacute;n de n&uacute;mero de sorteo </a></p><ul class=""tipo1"">	<li>Estar inscrito en el Registro Permanente de Solicitantes de vivienda de EMVIALSA.</li>	<li>Cumplir con todos los requisitos espec&iacute;ficos de acceso a esta convocatoria y aportar la documentaci&oacute;n requerida en el Reglamento aprobado a tal efecto.</li></ul><br /><h5>Otros datos de inter&eacute;s</h5><p><a href=""/es/portal.do?TR=A&amp;IDR=1&amp;identificador=5984"" id=""Documento_5984_6139154989711"">Planos viviendas Real Vieja</a> </p><p><a href=""/es/portal.do?TR=A&amp;IDR=1&amp;identificador=5983"" id=""Documento_5983_4975948361131"">Planos viviendas Empecinado<strong></strong></a> </p><br /><h5 class=""tipo1"">Fecha celebraci&oacute;n del sorteo: </h5><p>El&nbsp; 23 de septiembre de 2015, la Empresa Municipal de la Vivienda de Alcobendas (EMVIALSA), procedi&oacute; a sortear las viviendas de protecci&oacute;n p&uacute;blica en r&eacute;gimen de venta precio b&aacute;sico (VPPB) situadas 44 de las viviendas en la C/Capit&aacute;n Francisco S&aacute;nchez 19, y 6 de las viviendas en la C/Real Vieja 4. </p><br /><h5>Normativa.</h5><p><a href=""/es/portal.do?TR=A&amp;IDR=1&amp;identificador=5840"" id=""Documento_5840_4253666705655"">Consultar Reglamento</a>&nbsp; </p></div></div><!--fin fichaterritoriales--></div></div></div>"
"Convocatoria de 44 viviendas de Protección Pública en venta en Maestro Barbieri","Vivienda","Promoción Pública","Vivienda","Viviendas Municipales","",""," EMVIALSA","Sí","No","No","<div class=""fichatramites""><div class=""cajatramitacion""><ul>	<li><img alt=""Tr&aacute;mite presencial"" class=""img_Sin"" id=""Imagen_19_5148073398407"" src=""http://www.alcobendas.org/recursos/img/Comunes/725057619_216201012211.gif"" /><a href=""#presencial"">Presencial</a></li></ul></div><div class=""fichatramites""><div class=""modulo100""><div class=""datosinteres""><div class=""separador""><h5>Informaci&oacute;n: </h5><p><img alt=""Vviviendas de Protecci&oacute;n P&uacute;blica en Maestro Barbieri"" class=""img_Sin_R"" id=""Imagen_5317_5358259391696"" src=""http://www.alcobendas.org/recursos/img/Vivienda/1279395271_1792015114656.jpg"" />La Empresa Ferrocarril, Promociones Inmobiliarias Madrid, S.L. ha desarrollado esta promoci&oacute;n que consta de 44 viviendas con diferente programa, 39 viviendas de 3 dormitorios,&nbsp; 3 viviendas de&nbsp;2 dormitorios y&nbsp;2 viviendas de 3 dormitorios adaptadas&nbsp;para personas con movilidad reducida, todas ellas con garajes y trasteros vinculados. </p><p>La Empresa Municipal de la vivienda ha gestionado la adjudicaci&oacute;n de todas la viviendas por concurso y sorteo, celebrado el 13 de octubre de 2014, entre 897 solicitantes, manteniendo vigente el listado de reservas. </p><p>En estos momentos, se est&aacute;n gestionando las adjudicaciones de las viviendas, siguiendo el orden de la listas de reservas resultante del sorteo. </p><h5>Resultados del sorteo realizado el d&iacute;a 13-10-2014</h5><p>&nbsp;&nbsp;&nbsp;&nbsp;&nbsp; &bull; <a href=""/es/portal.do?TR=A&amp;IDR=1&amp;identificador=5418"" id=""Documento_5418_9831191004842"">Listado completo</a> </p><p>&nbsp;&nbsp;&nbsp;&nbsp;&nbsp; &bull; <a href=""/es/portal.do?TR=A&amp;IDR=1&amp;identificador=5413"" id=""Documento_5413_7153818408483"">Listado Cupo C1, 3 dormitorios</a> </p><p>&nbsp;&nbsp;&nbsp;&nbsp;&nbsp; &bull; <a href=""/es/portal.do?TR=A&amp;IDR=1&amp;identificador=5414"" id=""Documento_5414_4889897302868"">Listado Cupo C2, 3 dormitorios</a> </p><p>&nbsp;&nbsp;&nbsp;&nbsp;&nbsp; &bull; <a href=""/es/portal.do?TR=A&amp;IDR=1&amp;identificador=5415"" id=""Documento_5415_8516432361958"">Listado Cupo C3, 3 dormitorios</a> </p><p>&nbsp;&nbsp;&nbsp;&nbsp;&nbsp; &bull; <a href=""/es/portal.do?TR=A&amp;IDR=1&amp;identificador=5416"" id=""Documento_5416_5293011698565"">Listado Cupo general, 2 dormitorios</a> </p><p>&nbsp;&nbsp;&nbsp;&nbsp;&nbsp; &bull; <a href=""/es/portal.do?TR=A&amp;IDR=1&amp;identificador=5417"" id=""Documento_5417_4296133182121"">Listado Cupo Vivienda adaptada, 3 dormitorios</a> </p><h6 class=""tipo2"">Informaci&oacute;n sobre la convocatoria:</h6><ul class=""tipo2""></ul><h5>Requisitos:</h5><ul class=""tipo1"">	<li>Estar inscrito en el Registro Permanente de Solicitantes de vivienda de EMVIALSA.(<strong>Para esta promoci&oacute;n deber&aacute; estar inscrito antes del 30 de junio de 2014</strong>)</li>	<li>Cumplir con todos los requisitos espec&iacute;ficos de acceso a esta convocatoria y aportar la documentaci&oacute;n requerida en el Reglamento aprobado a tal efecto.</li></ul><h5 class=""tipo1"">Normativa.</h5><p><a href=""/es/portal.do?TR=A&amp;IDR=1&amp;identificador=4744"" id=""Documento_4744_9815085196894"">Consultar Reglamento</a>&nbsp; </p><h5 class=""tipo1"">Avances de obra </h5><p>Con fecha 1 de junio de 2015, se firma el acta de inicio de obra, estando previsto un plazo de 16 meses para su ejecuci&oacute;n.<strong></strong> <br /></p></div></div><!--fin fichaterritoriales--></div></div></div>"
"Convocatoria viviendas rehabilitadas en régimen de alquiler para jóvenes","Vivienda","Promoción Pública","Vivienda","Viviendas Municipales","",""," EMVIALSA","Sí","No","No","<div class=""fichatramites""><div class=""cajatramitacion""><ul>	<li><img alt=""Tr&aacute;mite presencial"" class=""img_Sin"" id=""Imagen_19_5660518066869"" src=""http://www.alcobendas.org/recursos/img/Comunes/725057619_216201012211.gif"" /><a href=""#presencial"">Presencial</a></li></ul></div><div class=""modulo100""><div class=""datosinteres""><div class=""separador""><h5>Informaci&oacute;n:</h5><p><img alt=""Viviendas rehabilitadas en r&eacute;gimen de laquiler para j&oacute;venes"" class=""img_Sin_R"" id=""Imagen_5313_28433066682"" src=""http://www.alcobendas.org/recursos/img/Vivienda/942067401_1792015101756.jpg"" />Estas viviendas, situadas en diferentes edificios dentro del casco urbano de Alcobendas, fueron adquiridas por parte de EMVIALSA, como resultado de la operaci&oacute;n de permuta de viviendas que tuvo lugar en la urbanizaci&oacute;n Fuentelucha, dentro del llamado Cupo Social-Permuta de viviendas.</p><p>Las viviendas sorteadas son de diferentes tama&ntilde;os: con 2 y 3 dormitorios. </p><p>Su rehabilitaci&oacute;n se comenz&oacute; en el mes de agosto de 2011, termin&aacute;ndose las obras entre diciembre y enero de 2012. A continuaci&oacute;n, se inici&oacute; el procedimiento de firma de contratos y entrega de llaves a los adjudicatarios del sorteo. </p><p>Una vez agotados los listados de reserva del sorteo realizado el 18 de febrero de 2015, se permiti&oacute; la incorporaci&oacute;n de todos aquellos vecinos y trabajadores menores de 35 a&ntilde;os que, cumpliendo las condiciones de acceso, solicitaran a Emvialsa viviendas en alquiler. De esta forma, se establece el listado de reservas abierto. </p><h5>Requisitos:</h5><ul class=""tipo1"">	<li>Estar inscrito en el Registro Permanente de Solicitudes de vivienda de EMVIALSA.</li>	<li>Ser residente en el Municipio de Alcobendas con una antig&uuml;edad superior a 3 a&ntilde;os, o bien acreditar haber estado empadronados ininterrumpidamente con anterioridad&nbsp; al menos 3 a&ntilde;os en el municipio.</li>	<li>Cumplir con todos los requisitos espec&iacute;ficos de acceso a esta convocatoria y aportar la documentaci&oacute;n requerida en el Reglamento aprobado a tal efecto.</li></ul><h5></h5><h5>Otros datos de inter&eacute;s</h5><p><strong>Recogida de impresos:</strong> </p><ul class=""tipo1"">	<li>Descargar documentos:&nbsp; <a href=""/es/portal.do?TR=A&amp;IDR=1&amp;identificador=6316"" id=""Documento_6316_3836354922268"" title=""Solicitud"">Solicitud</a>&nbsp; - &nbsp;<a href=""/es/portal.do?TR=A&amp;IDR=1&amp;identificador=6317"" id=""Documento_6317_3779434031131"" title=""Declaraci&oacute;n jurada"">Declaraci&oacute;n jurada </a></li>	<li><a href=""/es/cargarFichaTerritorial.do?identificador=340"" id=""FichaTerritorial_340"">EMVIALSA - Oficina Central</a>. C/ Carlos Mu&ntilde;oz Ru&iacute;z, n&ordm; 7, bajo.</li>	<li>AYUNTAMIENTO - <a href=""/es/portal.do?TR=C&amp;IDR=1475"">Servicio de Atenci&oacute;n Ciudadana (SAC)</a></li></ul><h5 class=""tipo1"">Forma de tramitaci&oacute;n</h5><ul class=""tipo2"">	<li><img alt=""tr&aacute;mite presencial"" class=""img_Sin"" id=""Imagen_23_7675094287564"" src=""http://www.alcobendas.org/recursos/img/Comunes/396946502_2162010123128.gif"" /><a title=""presencial"" name=""presencial""></a><strong>Presencial:&nbsp; </strong>Las solicitudes cumplimentadas, &uacute;nicamente se podr&aacute;n presentar en la Oficina Central de EMVIALSA, sita en la C/ Carlos Mu&ntilde;oz Ruiz, 7-local - Tel&eacute;fono 914900892 - Correo electr&oacute;nico: <a href=""mailto:informaci&oacute;n@emvialsa.org"" rel=""external"" title=""Correo Emvialsa"">informaci&oacute;n@emvialsa.org</a> </li>	<li><strong>&nbsp;&nbsp;&nbsp;&nbsp;&nbsp;&nbsp;&nbsp;&nbsp;Horario</strong>: de lunes a viernes, de 09:00 a 14:00 horas. </li></ul><br /><h5>Normativa.</h5><p><a href=""/es/portal.do?TR=A&amp;IDR=1&amp;identificador=6318"" id=""Documento_6318_7388544401312"" title=""Reglamento"">&nbsp;Reglamento&nbsp; </a></p></div></div><!--fin fichaterritoriales--></div></div>"
"Informes de habitabilidad en general y de adaptación de viviendas para personas discapacitadas","Ayuntamiento de Alcobendas|Vivienda","Otros Vivienda|Trámites on line","Vivienda","Otros","","Discapacitados"," Salud","Sí","Sí - https://www.alcobendas.org/TramitesWeb/A150109_ASP_01/Tramite.ashx?CodTipoTramite=48","No","<div class=""fichatramites""><div class=""cajatramitacion""><ul>	<li><img alt=""Tr&aacute;mite presencial"" class=""img_Sin"" id=""Imagen_19_81015781008"" src=""http://www.alcobendas.org/recursos/img/Comunes/725057619_216201012211.gif"" /><a href=""#presencial"">Presencial</a>&nbsp; </li>	<li><img alt=""Tr&aacute;mite telem&aacute;tico"" class=""img_Sin"" id=""Imagen_21_5595410944200"" src=""http://www.alcobendas.org/recursos/img/Comunes/1884133521_2162010122157.gif"" /><a href=""#telematica"">Telem&aacute;tica</a></li></ul><p>En el informe se describen las caracter&iacute;sticas de la vivienda, en relaci&oacute;n con las condiciones de habitabilidad de la misma, en los siguientes casos: </p><p>&bull; Cuando la vivienda cuenta con deficientes condiciones de habitabilidad, es decir, carece de condiciones de salubridad. </p><p>&bull; Cuando la vivienda cuente con una superficie inadecuada (inferior a 8 metros cuadrados por miembro, y en todo caso inferior a 25 metros cuadrados), para que la habiten todos los miembros de la familia. </p><p>&bull; Cuando la vivienda debe ser adaptada para la movilidad de una persona discapacitada. </p></div><div class=""modulo100""><div class=""datosinteres""><div class=""separador""><h5>Documentaci&oacute;n a aportar:</h5><p><a href=""/es/portal.do?TR=A&amp;IDR=1&amp;identificador=1589"" id=""Documento_1589_9769827313234"">Solicitud-instancia</a> </p><h5>Importe del pago</h5><p>Gratuito </p><h5>Forma de tramitaci&oacute;n</h5><ul class=""tipo2"">	<li><img alt=""tr&aacute;mite presencial"" class=""img_Sin"" id=""Imagen_23_8708868637765"" src=""http://www.alcobendas.org/recursos/img/Comunes/396946502_2162010123128.gif"" /><a title=""presencial"" name=""presencial""></a><strong>Presencial:&nbsp;&nbsp;</strong> En las <a href=""/es/portal.do?TR=C&amp;IDR=1730"">oficinas del Servicio de Atenci&oacute;n Ciudadana</a></li>	<li><img alt=""tr&aacute;mite telem&aacute;tico"" class=""img_Sin"" id=""Imagen_25_7654072238106"" src=""http://www.alcobendas.org/recursos/img/Comunes/583082584_2162010123152.gif"" /><a title=""telematica"" name=""telematica""></a><strong>Telem&aacute;tica:</strong>&nbsp;&nbsp;Si est&aacute; registrado en <a href=""http://clave.gob.es/clave_Home/clave.html"" rel=""external"" title=""enlace a informaci&oacute;n Clave (Se abre en ventana nueva)"">Clave</a> o dispone de certificado digital, D.N.I. electr&oacute;nico o Tarjeta de Alcobendas puede cumplimentar la <a href=""https://www.alcobendas.org/TramitesWeb/A150109_ASP_01/Tramite.ashx?CodTipoTramite=48"" rel=""external"">instancia de manera on line </a></li></ul></div></div><!--fin fichaterritoriales--></div><div class=""infotramite""></div></div>"
"Licencia de obras menores de reforma","Urbanismo, Obras y Vías Públicas|Vivienda","Otros Urbanismo, Obras y Vías Públicas|Otros Vivienda","Urbanismo e Infraestructuras","Licencias de Obras","Obras Menores",""," Licencias y Disciplina","Sí","No","No","<div class=""fichatramites""><div class=""fichatramites""><div class=""cajatramitacion""><p>Solicitud de licencia de obras menores de reforma en general.<strong> </strong></p><p>Debe solicitar esta licencia cuando realice:<br />&bull; Reformas en general que no afecten a estructura y que tampoco afecten a los elementos comunes del edificio.<br />&bull; Obras de restauraci&oacute;n que no precisen consolidaci&oacute;n o modificaci&oacute;n de estructura, ni apertura de huecos si &eacute;stos se&nbsp;realizan en muros de carga.<br />&bull; Obras de acondicionamiento de viviendas o locales que modifiquen la distribuci&oacute;n de los espacios interiores, pero sin afectar, alterar o incidir en elementos comunes, estructurales o en las condiciones de seguridad.<br />&bull; Obras en viviendas&nbsp;o locales que, reuniendo las caracter&iacute;sticas anteriores, tengan por objeto la supresi&oacute;n de barreras arquitect&oacute;nicas, para convertir las viviendas o locales en accesibles o practicables, siempre que no afecten a estructura o a las condiciones de seguridad.<br />&bull; Obras exteriores que no afecten a estructura.<br />&bull;&nbsp;Cualesquiera otras obras de peque&ntilde;a entidad no especificadas en los apartados anteriores, siempre que no supongan modificaciones arquitect&oacute;nicas exteriores del edificio o modificaciones estructurales de los inmuebles, en cuyo caso tendr&aacute;n car&aacute;cter de obra mayor y necesitar&aacute;n delo correspondiente proyecto. </p><p>Cuando las obras anteriormente descritas se realicen en locales debe tener en cuenta que: </p><p>1) Las obras que se pretendan destinar a una actividad comercial minorista, de servicios, o que se realice en oficinas que se encuentre incluida en el &aacute;mbito de aplicaci&oacute;n de la Ley 2/2012 de Dinamizaci&oacute;n de la Actividad Comercial en la Comunidad de Madrid, no est&aacute;n sujetas a la obtenci&oacute;n de previa licencia y la habilitaci&oacute;n para su ejecuci&oacute;n se obtendr&aacute; con la presentaci&oacute;n de la correspondiente <strong>Declaraci&oacute;n Responsable</strong> de Actividad con ejecuci&oacute;n de obras (para m&aacute;s informaci&oacute;n sobre la tramitaci&oacute;n, <a href=""/es/cargarFichaTramite.do?identificador=523"" id=""FichaTramite_523"">consulte el enlace</a>). </p><p>2) Si las obras se pretendieran destinar a cualquier otro tipo de actividad que no se encuentre incluida en el anexo de la Ley 2/2012 de Dinamizaci&oacute;n de la Actividad Comercial en la Comunidad de Madrid (supuesto anterior), la solicitud de <strong>Licencia &Uacute;nica</strong> incluir&aacute; las obras y, en su caso, las instalaciones correspondientes que con posterioridad a la finalizaci&oacute;n de las obras se deber&aacute; solicitar la correspondiente Licencia de Primera Ocupaci&oacute;n y/o Funcionamiento (para m&aacute;s informaci&oacute;n sobre la tramitaci&oacute;n, <a href=""/es/cargarFichaTramite.do?identificador=520"" id=""FichaTramite_520"">consulte el enlace</a>).<br /></p></div><div class=""modulo100""><div class=""datosinteres""><div class=""separador""><h5>Documentaci&oacute;n a aportar:</h5><p>&bull;&nbsp;<a href=""/es/portal.do?TR=A&amp;IDR=1&amp;identificador=1850"" id=""Documento_1850_6359428670660"">Declaraci&oacute;n de datos b&aacute;sicos</a>.<br />&bull; Plano de situaci&oacute;n a escala 1:2000 se&ntilde;alando la finca objeto de la licencia. Y en caso de locales ubicados en centros comerciales o edificios no residenciales, plano de emplazamiento en el edificio a escala 1:500. <br />&bull; Plano general de la parcela donde se ubica el inmueble de referencia, grafiando el mismo.<br />&bull; Planos o croquis acotados de plantas y/o alzados y/o secciones (indicando alturas libres sin incluir falsos techos o falsos suelos) de la zona afectada por las obras y detallando por separado el estado actual y el estado proyectado, a escala 1:100, incluyendo cuadro resumen de las superficies &uacute;tiles y construidas.<br />&bull;&nbsp;Memoria descriptiva de las actuaciones, indicando el tiempo previsto de duraci&oacute;n de las obras. <br />&bull; Presupuesto por cap&iacute;tulos a precios de mercado.<br />&bull;&nbsp;Constituci&oacute;n de la <a href=""/es/cargarFichaTramite.do?identificador=85"" id=""FichaTramite_85"">fianza</a> para garantizar la correcta gesti&oacute;n de los residuos generados.<br />&bull; <a href=""/es/portal.do?TR=A&amp;IDR=1&amp;identificador=1737"" id=""Documento_1737_4285930786715"">Estudio simplificado de residuos </a>de construcci&oacute;n que se prevea generar.<br />&bull; Documento acreditativo del cumplimiento de las condiciones de accesibilidad (para locales). </p><p>Si se necesita<a href=""/es/cargarFichaTramite.do?identificador=183"" id=""FichaTramite_183""> instalar andamios </a>o realizar un <a href=""/es/cargarFichaTramite.do?identificador=205"" id=""FichaTramite_205"">descuelgue vertical </a>deber&aacute; aportar, adem&aacute;s de la documentaci&oacute;n anterior, la se&ntilde;alada para este tipo de licencias. </p><h5>Subsanaci&oacute;n:</h5><p>Al presentar la solicitud si la documentaci&oacute;n exigida no est&aacute; completa, se le requerir&aacute; para que en el plazo de 10 d&iacute;as aporte documentaci&oacute;n exigida, advirti&eacute;ndole que de no hacerlo se proceder&aacute; al archivo del expediente<strong>. </strong></p><h5>Importe del pago</h5><p><a href=""/es/portal.do?TR=C&amp;IDR=1912"">Consulte importe y modos de pago</a>. </p><h5>Otros datos de inter&eacute;s</h5><p>&bull; Las obras autorizadas deber&aacute;n iniciarse antes de 6 meses desde la concesi&oacute;n de la licencia, y no podr&aacute;n permanecer interrumpidas m&aacute;s de 3 meses. </p><p>&bull;&nbsp;Si la obra afecta a fachada, se aportar&aacute; descripci&oacute;n fotogr&aacute;fica en color del edificio en su conjunto y sus elementos m&aacute;s caracter&iacute;sticos, compar&aacute;ndolos con los del resultado final de la actuaci&oacute;n proyectada. </p><p>&bull; Si la obra deriva&nbsp;&nbsp;de una Acta de ITE desfavorable, se har&aacute; constar la fecha de construcci&oacute;n de la edificaci&oacute;n y la fecha de presentaci&oacute;n de la Inspecci&oacute;n T&eacute;cnica del Edificio. </p><p>&bull; Si es legalizaci&oacute;n de obras ejecutadas o en ejercicio, se indicar&aacute; &eacute;sta circunstancia y el n&ordm; de expediente de referencia del requerimiento enviado por el Departamento de Licencias y Disciplina. </p><p>&bull; Cuando exista arbolado p&uacute;blico en la proximidad de la obra deber&aacute; protegerse adecuadamente seg&uacute;n las <a href=""/es/portal.do?TR=C&amp;IDR=1891"">normas de protecci&oacute;n del arbolado p&uacute;blico viario</a>. </p><p>&bull; Cuando se incorporen r&oacute;tulos o marquesinas en los locales, deber&aacute;n aportar el certificado t&eacute;cnico exigido en la Ordenanza de Elementos Publicitarios. </p><p>&bull; Si dispone de Tarjeta de Alcobendas, DNI electr&oacute;nico o un Certificado Digital v&aacute;lido emitido por cualquiera de las entidades de certificaci&oacute;n del pa&iacute;s puede consultar el estado de <a href=""https://www.alcobendas.org/carpetaciudadano2/a150110_asp_01/resumen/default.aspx"" rel=""external"" title=""enlace a consulta de expedientes"">tramitaci&oacute;n de su expediente</a>&nbsp;y obtener una copia del contenido de los documentos relacionados.<br /><br /><a href=""/es/portal.do?TR=C&amp;IDR=1950"">Horario permitido para realizar obras en el municipio&nbsp;&nbsp; </a></p><h5>Forma de tramitaci&oacute;n</h5><ul class=""tipo2"">	<li><img alt=""tr&aacute;mite presencial"" class=""img_Sin"" id=""Imagen_23_7239823553434"" src=""http://www.alcobendas.org/recursos/img/Comunes/396946502_2162010123128.gif"" /><a title=""presencial"" name=""presencial""></a><strong>Presencial:&nbsp;&nbsp;</strong>En las<a href=""/es/portal.do?TR=C&amp;IDR=1730""> Oficinas del Servicio de Atenci&oacute;n Ciudadana</a></li></ul><h5>Plazo de tramitaci&oacute;n:</h5><p>2 meses. </p><h5>Normativa.</h5><p>&bull; <a href=""http://www.alcobendas.org/es/portal.do?IDM=79&amp;NM=2"" rel=""external"">Plan General de Ordenaci&oacute;n Urbana (PGOU)</a>.<br />&bull; <a href=""/es/cargarFichaDocumental.do?identificador=192"" id=""FichaDocumental_192"">Ordenanza Especial de Tramitaci&oacute;n de Licencias y otras formas de Control de la Legalidad Urban&iacute;stica del Ayuntamiento de Alcobendas.<br /></a>&bull; <a href=""/es/cargarFichaDocumental.do?identificador=191"" id=""FichaDocumental_191"">Ordenanza de Edificaci&oacute;n, Construcciones e Instalaciones.<br /></a>&bull; <a href=""/es/portal.do?TR=A&amp;IDR=1&amp;identificador=4430"" id=""Documento_4430_6781710059847"">Ordenanzas Fiscales Municipales. <br /></a></p></div></div><!--fin fichaterritoriales--></div></div></div>"
"Listado abierto de adjudicatarios expectantes para la adjudicación de viviendas de alquiler en Valdelasfuentes","Vivienda","Promoción Pública","Vivienda","Viviendas Municipales","",""," EMVIALSA","Sí","No","No","<div class=""fichatramites""><div class=""cajatramitacion""><div class=""fichatramites""><div class=""cajatramitacion""><ul>	<li><img alt=""Tr&aacute;mite presencial"" class=""img_Sin"" id=""Imagen_19_9920817772028"" src=""https://cms.alcobendas.org/recursos/img/Comunes/725057619_216201012211.gif"" /><a href=""#presencial"">Presencial</a> </li></ul></div><div class=""modulo100""><div class=""datosinteres""><div class=""separador""><h5>Informaci&oacute;n:</h5><p>El Ayuntamiento, a trav&eacute;s de la Empresa Municipal de la Vivienda de Alcobendas, ha desarrollado dos promociones en r&eacute;gimen de alquiler que constan de 136 viviendas en C/ Carlos Mu&ntilde;oz Ruiz, 7, y 141 viviendas en A.. Miguel de Cervantes, 19, con programa de 1,2 y 3 dormitorios, trasteros, plazas de aparcamiento y piscina. </p><h5>Requisitos:</h5><p><img alt=""Listado abierto de adjudicatarios expectantes Valdelasfuentes"" class=""img_Sin_R"" id=""Imagen_5314_7399744866362"" src=""http://www.alcobendas.org/recursos/img/Vivienda/567735422_1792015102552.jpg"" /> </p><p>Una vez&nbsp;agotados los listados de reserva del sorteo realizado el 3 de mayo de 2011, se permiti&oacute; la incorporaci&oacute;n de todos aquellos vecinos y trabajadores que, cumpliendo las condiciones de acceso, solicitaron a Emvialsa una vivienda en alquiler. De esta forma, se establece en listado de reservas abierto, denominado de expectantes. Los solicitantes deber&aacute;n inscribirse, previamente en el Registro Permanente: C/ Carlos Mu&ntilde;oz Ruiz, n&ordm; 7-local - Tel&eacute;fono 914 900 892, de lunes a viernes de 9:00 a 14:00 horas. </p><h5><img alt=""Listado abierto de adjudicatarios expectantes Valdelasfuentes"" class=""img_Sin_R"" id=""Imagen_5315_1377002063179"" src=""http://www.alcobendas.org/recursos/img/Vivienda/1677613551_179201510264.jpg"" />Documentaci&oacute;n a aportar:</h5><p>-<a href=""/es/portal.do?TR=A&amp;IDR=1&amp;identificador=6281"" id=""Documento_6281_7384460666314"">Solicitud&nbsp; </a></p><p>-<a href=""/es/portal.do?TR=A&amp;IDR=1&amp;identificador=6280"" id=""Documento_6280_7899936622861"" title=""Declaraci&oacute;n jurada"">Declaraci&oacute;n jurada </a></p><h5>Forma de tramitaci&oacute;n</h5><ul class=""tipo2"">	<li><img alt=""tr&aacute;mite presencial"" class=""img_Sin"" id=""Imagen_23_7812702470660"" src=""https://cms.alcobendas.org/recursos/img/Comunes/396946502_2162010123128.gif"" /><a title=""presencial"" name=""presencial""></a><strong>Presencial:&nbsp; </strong>Registro Permanente: C/ Carlos Mu&ntilde;oz Ruiz, n&ordm; 7-local - Tel&eacute;fono 914 900 892, de lunes a viernes de 9:00 a 14:00 horas. </li></ul><h5>Plazo de presentaci&oacute;n:</h5><p>Consulte el Reglamento </p><h5>Normativa.</h5><p><a href=""/es/portal.do?TR=A&amp;IDR=1&amp;identificador=1749"" id=""Documento_1749_2628869711688"">Reglamento</a>&nbsp; </p></div></div><!--fin fichaterritoriales--></div><div class=""infotramite""></div></div></div></div><!--fin fichaterritoriales--><div></div><div></div><div></div><div></div>"
"Solicitud de avance informativo de tributos a liquidar por descalificación de viviendas ","Ayuntamiento de Alcobendas|Economía y Hacienda|Vivienda","Impuestos Municipales|Otros Vivienda|Trámites on line","Economía y Hacienda|Vivienda","Plusvalía|Certificados e Informes|Otros","",""," Gestión Ingresos Generales","Sí","Sí - https://www.alcobendas.org/TramitesWeb/A150109_ASP_01/Tramite.ashx?CodTipoTramite=21","No","<div class=""fichatramites""><div class=""cajatramitacion""><p>Es un documento donde se facilita, a t&iacute;tulo informativo, el importe del reintegro de la bonificaci&oacute;n del Impuesto sobre el Incremento del Valor de los Terrenos (Plusval&iacute;a)&nbsp;disfrutado y que se debe abonar con motivo de la descalificaci&oacute;n de una vivienda de protecci&oacute;n p&uacute;blica. </p><ul>	<li><img alt=""Tr&aacute;mite telem&aacute;tico"" class=""img_Sin"" id=""Imagen_21_7611024969468"" src=""http://www.alcobendas.org/recursos/img/Comunes/1884133521_2162010122157.gif"" /><a href=""#telematica"">Telem&aacute;tica</a></li>	<li><img alt=""Tr&aacute;mite presencial"" class=""img_Sin"" id=""Imagen_19_70078479047"" src=""http://www.alcobendas.org/recursos/img/Comunes/725057619_216201012211.gif"" /><a href=""#presencial"">Presencial</a></li></ul></div><div class=""infotramite""><p><strong>Importe&nbsp;del pago:</strong>&nbsp; 7,00 euros. </p><ul class=""tipo1"">	<li><strong>Documentaci&oacute;n a aportar: </strong><a href=""/es/portal.do?TR=A&amp;IDR=1&amp;identificador=1856"" id=""Documento_1856_8905286792536"">Declaraci&oacute;n de datos b&aacute;sicos </a>(para tr&aacute;mite presencial)</li>	<li><strong>Forma de Tramitaci&oacute;n:</strong> 	<ul class=""tipo2"">		<li><img alt=""tr&aacute;mite telem&aacute;tico"" class=""img_Sin"" id=""Imagen_25_3593206527925"" src=""http://www.alcobendas.org/recursos/img/Comunes/583082584_2162010123152.gif"" /><a title=""telematica"" name=""telematica""></a><strong>Telem&aacute;tica<br />		</strong>Si dispone&nbsp; del DNI electr&oacute;nico o un Certificado Digital v&aacute;lido emitido por cualquiera de las entidades de certificaci&oacute;n del pa&iacute;s puede realizar el <a href=""https://www.alcobendas.org/TramitesWeb/A150109_ASP_01/Tramite.ashx?CodTipoTramite=21"" rel=""external"">tr&aacute;mite on-line<br />		</a></li>		<li><img alt=""tr&aacute;mite presencial"" class=""img_Sin"" id=""Imagen_23_8401508220510"" src=""http://www.alcobendas.org/recursos/img/Comunes/396946502_2162010123128.gif"" /><a title=""presencial"" name=""presencial""></a><strong>Presencial:</strong><br />		En las oficinas del <a href=""/es/portal.do?TR=C&amp;IDR=1730"">Servicio de Atenci&oacute;n Ciudadana</a>&nbsp;</li>	</ul>	</li>	<li><strong>Plazo Tramitaci&oacute;n:</strong>&nbsp;10 d&iacute;as h&aacute;biles.&nbsp;</li></ul></div></div>"
"Solicitud de descalificación de viviendas de protección pública ","Ayuntamiento de Alcobendas|Economía y Hacienda|Vivienda","Otros Economía y Hacienda|Otros Vivienda|Trámites on line","Economía y Hacienda|Vivienda","Otros|Otros","",""," Gestión Ingresos Generales","Sí","Sí - https://www.alcobendas.org/TramitesWeb/A150109_ASP_01/Tramite.ashx?CodTipoTramite=33","No","<div class=""fichatramites""><div class=""cajatramitacion""><div class=""fichatramites""><div class=""cajatramitacion""><ul>	<li><img alt=""Tr&aacute;mite telem&aacute;tico"" class=""img_Sin"" id=""Imagen_21_6530866297231"" src=""http://www.alcobendas.org/recursos/img/Comunes/1884133521_2162010122157.gif"" /><a href=""#telematica"">Telem&aacute;tica</a></li>	<li><img alt=""Tr&aacute;mite presencial"" class=""img_Sin"" id=""Imagen_19_2131487148217"" src=""http://www.alcobendas.org/recursos/img/Comunes/725057619_216201012211.gif"" /><a href=""#presencial"">Presencial</a></li></ul><p>El objeto de la descalificaci&oacute;n de una vivienda protegida es liberarla para su venta en el mercado libre de vivienda. La descalificaci&oacute;n de viviendas protegidas supone la realizaci&oacute;n de tr&aacute;mites ante la Comunidad de Madrid y el Ayuntamiento donde se encuentre dicha vivienda. </p></div><div class=""modulo100""><div class=""datosinteres""><div class=""separador""><h5>Documentaci&oacute;n a aportar:</h5><li>&bull;Documentaci&oacute;n para el tr&aacute;mite en el Ayuntamiento:&nbsp;<br />-<a href=""/es/portal.do?TR=A&amp;IDR=1&amp;identificador=1589"" id=""Documento_1589_1074958525765"">Solicitud-Instancia</a>, en la que se comunique que se ha solicitado la descalificaci&oacute;n en la D. G. de Vivienda y Rehabilitaci&oacute;n de la Comunidad de Madrid.&nbsp;<br />-Fotocopia de la comunicaci&oacute;n donde figura el n&uacute;mero de expediente de descalificaci&oacute;n que haya recibido de la D. G. de Vivienda y Rehabilitaci&oacute;n.<br /><br /></li><li>&bull;Documentaci&oacute;n a aportar para los tr&aacute;mites en la Comunidad de Madrid:&nbsp;<br />-Consulte la <a href=""http://www.madrid.org/cs/Satellite?buscador=true&amp;c=CM_Tramite_FA&amp;cid=1109168986761&amp;language=es&amp;pagename=ComunidadMadrid%2FEstructura"" rel=""external"">p&aacute;gina web de la Comunidad de Madrid </a>donde podr&aacute; obtener el impreso de solicitud y consultar la documentaci&oacute;n a presentar.<br /><br /></li><h5>Otros datos de inter&eacute;s</h5><p>Para obtener la descalificaci&oacute;n, una vez admitida la solicitud de descalificaci&oacute;n por la Comunidad Aut&oacute;noma correspondiente, hay que devolver las ayudas p&uacute;blicas que se hayan recibido, m&aacute;s los intereses legales correspondientes (calculados desde el momento de la percepci&oacute;n de las ayudas). Se le enviar&aacute; el documento para pagar junto con el escrito informativo en un plazo aproximado de 20 d&iacute;as.<br /><br />Puede solicitar un <a href=""/es/cargarFichaTramite.do?identificador=72"" id=""FichaTramite_72"">Avance informativo </a>del importe de la liquidaci&oacute;n del Impuesto sobre el Incremento del Valor de los&nbsp;Terrenos (Plusval&iacute;a) que le practicar&aacute; el Ayuntamiento con motivo de la descalificaci&oacute;n. </p><h5>Forma de tramitaci&oacute;n</h5><li><img alt=""tr&aacute;mite presencial"" class=""img_Sin"" id=""Imagen_23_8028166005663"" src=""http://www.alcobendas.org/recursos/img/Comunes/396946502_2162010123128.gif"" /><a title=""presencial"" name=""presencial""></a><strong>Presencial:&nbsp; </strong>En las oficinas del Servicio de Atenci&oacute;n Ciudadana</li><li><br /></li><li><img alt=""tr&aacute;mite telem&aacute;tico"" class=""img_Sin"" id=""Imagen_25_3234567863438"" src=""http://www.alcobendas.org/recursos/img/Comunes/583082584_2162010123152.gif"" /><a title=""telematica"" name=""telematica""></a><strong>Telem&aacute;tica:</strong> Si dispone de Tarjeta de Alcobendas, de DNI electr&oacute;nico o un Certificado Digital v&aacute;lido emitido por cualquiera de las entidades de certificaci&oacute;n del pa&iacute;s puede cumplimentar <a href=""https://www.alcobendas.org/TramitesWeb/A150109_ASP_01/Tramite.ashx?CodTipoTramite=33"" rel=""external"">la instancia de manera on line </a></li><div class=""fichatramites""></div></div></div><!--fin fichaterritoriales--></div></div><li><a href=""#presencial""></a></li></div></div>"

