dc:identifier,dc:modified,ayto:type,ayto:latitude,ayto:longitude,ayto:temperature,ayto:battery,ayto:light,ayto:noise,uri
488,2017-10-31T17:56:01Z,environment,43.46467,-3.80619,-48.51,73.0,172.6,,http://datos.santander.es/api/datos/sensores_smart_env_monitoring/488.csv
424,2017-10-31T17:56:01Z,environment,43.4615,-3.8093,,82.0,,50.0,http://datos.santander.es/api/datos/sensores_smart_env_monitoring/424.csv
415,2017-10-31T17:55:55Z,environment,43.46133,-3.80822,14.12,82.0,35.33,,http://datos.santander.es/api/datos/sensores_smart_env_monitoring/415.csv
215,2017-10-31T17:55:51Z,environment,43.46287,-3.81365,14.77,73.0,0.81,,http://datos.santander.es/api/datos/sensores_smart_env_monitoring/215.csv
514,2017-10-31T17:55:49Z,environment,43.464,-3.80939,-24.83,72.0,0.21,,http://datos.santander.es/api/datos/sensores_smart_env_monitoring/514.csv
481,2017-10-31T17:55:47Z,environment,43.46477,-3.8081,,69.0,,52.5,http://datos.santander.es/api/datos/sensores_smart_env_monitoring/481.csv
223,2017-10-31T17:55:47Z,environment,43.46222,-3.81364,15.16,68.0,16.0,,http://datos.santander.es/api/datos/sensores_smart_env_monitoring/223.csv
329,2017-10-31T17:55:45Z,environment,43.46439,-3.80793,14.06,69.0,0.0,,http://datos.santander.es/api/datos/sensores_smart_env_monitoring/329.csv
737,2017-10-31T17:55:45Z,environment,43.45487,-3.81289,,71.0,,63.5,http://datos.santander.es/api/datos/sensores_smart_env_monitoring/737.csv
497,2017-10-31T17:55:45Z,environment,43.46439,-3.80661,14.51,69.0,18.52,,http://datos.santander.es/api/datos/sensores_smart_env_monitoring/497.csv
207,2017-10-31T17:55:38Z,environment,43.46128,-3.80852,,81.0,,70.9,http://datos.santander.es/api/datos/sensores_smart_env_monitoring/207.csv
432,2017-10-31T17:55:37Z,environment,43.46305,-3.81442,14.64,68.0,0.0,,http://datos.santander.es/api/datos/sensores_smart_env_monitoring/432.csv
686,2017-10-31T17:55:33Z,environment,43.46056,-3.81936,13.67,72.0,0.0,,http://datos.santander.es/api/datos/sensores_smart_env_monitoring/686.csv
351,2017-10-31T17:55:31Z,environment,43.4631,-3.80938,15.22,73.0,6.72,,http://datos.santander.es/api/datos/sensores_smart_env_monitoring/351.csv
205,2017-10-31T17:55:29Z,environment,43.46157,-3.80849,15.74,81.0,3.35,,http://datos.santander.es/api/datos/sensores_smart_env_monitoring/205.csv
217,2017-10-31T17:55:29Z,environment,43.46258,-3.81339,13.22,71.0,16.14,,http://datos.santander.es/api/datos/sensores_smart_env_monitoring/217.csv
214,2017-10-31T17:55:27Z,environment,43.46311,-3.81368,15.41,76.0,0.0,,http://datos.santander.es/api/datos/sensores_smart_env_monitoring/214.csv
357,2017-10-31T17:55:25Z,environment,43.46323,-3.80882,,69.0,,50.2,http://datos.santander.es/api/datos/sensores_smart_env_monitoring/357.csv
673,2017-10-31T17:55:24Z,environment,43.45943,-3.82223,14.96,73.0,0.0,,http://datos.santander.es/api/datos/sensores_smart_env_monitoring/673.csv
735,2017-10-31T17:55:23Z,environment,43.45536,-3.81187,,71.0,,54.0,http://datos.santander.es/api/datos/sensores_smart_env_monitoring/735.csv
613,2017-10-31T17:55:17Z,environment,43.4566,-3.81069,-47.54,68.0,0.0,,http://datos.santander.es/api/datos/sensores_smart_env_monitoring/613.csv
742,2017-10-31T17:55:17Z,environment,43.46078,-3.81848,,72.0,,63.3,http://datos.santander.es/api/datos/sensores_smart_env_monitoring/742.csv
606,2017-10-31T17:55:13Z,environment,43.45397,-3.81316,15.61,75.0,0.0,,http://datos.santander.es/api/datos/sensores_smart_env_monitoring/606.csv
623,2017-10-31T17:55:08Z,environment,43.45733,-3.80973,-42.58,54.0,0.0,,http://datos.santander.es/api/datos/sensores_smart_env_monitoring/623.csv
421,2017-10-31T17:55:06Z,environment,43.4615,-3.80862,13.29,78.0,0.64,,http://datos.santander.es/api/datos/sensores_smart_env_monitoring/421.csv
506,2017-10-31T17:55:06Z,environment,43.46385,-3.80545,15.09,71.0,2.37,,http://datos.santander.es/api/datos/sensores_smart_env_monitoring/506.csv
338,2017-10-31T17:55:04Z,environment,43.46365,-3.80696,14.51,73.0,0.0,,http://datos.santander.es/api/datos/sensores_smart_env_monitoring/338.csv
498,2017-10-31T17:55:04Z,environment,43.46434,-3.80725,,74.0,,50.0,http://datos.santander.es/api/datos/sensores_smart_env_monitoring/498.csv
486,2017-10-31T17:55:03Z,environment,43.46485,-3.80559,,69.0,,50.0,http://datos.santander.es/api/datos/sensores_smart_env_monitoring/486.csv
429,2017-10-31T17:55:03Z,environment,43.46168,-3.81093,,71.0,,71.0,http://datos.santander.es/api/datos/sensores_smart_env_monitoring/429.csv
736,2017-10-31T17:55:02Z,environment,43.45466,-3.81251,,72.0,,50.0,http://datos.santander.es/api/datos/sensores_smart_env_monitoring/736.csv
341,2017-10-31T17:55:02Z,environment,43.46359,-3.80626,15.03,70.0,0.0,,http://datos.santander.es/api/datos/sensores_smart_env_monitoring/341.csv
689,2017-10-31T17:55:01Z,environment,43.46008,-3.821,15.09,73.0,22.83,,http://datos.santander.es/api/datos/sensores_smart_env_monitoring/689.csv
483,2017-10-31T17:54:58Z,environment,43.46471,-3.80713,,72.0,,50.0,http://datos.santander.es/api/datos/sensores_smart_env_monitoring/483.csv
507,2017-10-31T17:54:57Z,environment,43.46409,-3.80545,14.06,71.0,14.03,,http://datos.santander.es/api/datos/sensores_smart_env_monitoring/507.csv
227,2017-10-31T17:54:54Z,environment,43.46337,-3.81259,14.32,74.0,0.47,,http://datos.santander.es/api/datos/sensores_smart_env_monitoring/227.csv
74,2017-10-31T17:54:48Z,environment,43.46138,-3.8076,-43.74,86.0,,,http://datos.santander.es/api/datos/sensores_smart_env_monitoring/74.csv
505,2017-10-31T17:54:47Z,environment,43.46359,-3.80555,14.25,55.0,5.02,,http://datos.santander.es/api/datos/sensores_smart_env_monitoring/505.csv
501,2017-10-31T17:54:27Z,environment,43.46406,-3.80615,14.96,68.0,25.62,,http://datos.santander.es/api/datos/sensores_smart_env_monitoring/501.csv
356,2017-10-31T17:54:26Z,environment,43.46293,-3.80901,14.83,71.0,0.59,,http://datos.santander.es/api/datos/sensores_smart_env_monitoring/356.csv
692,2017-10-31T17:54:23Z,environment,43.4597,-3.82137,15.35,75.0,0.0,,http://datos.santander.es/api/datos/sensores_smart_env_monitoring/692.csv
615,2017-10-31T17:54:23Z,environment,43.45778,-3.80917,14.38,69.0,14.92,,http://datos.santander.es/api/datos/sensores_smart_env_monitoring/615.csv
218,2017-10-31T17:54:22Z,environment,43.46255,-3.81374,14.58,66.0,0.0,,http://datos.santander.es/api/datos/sensores_smart_env_monitoring/218.csv
508,2017-10-31T17:54:19Z,environment,43.46424,-3.80545,14.77,66.0,0.58,,http://datos.santander.es/api/datos/sensores_smart_env_monitoring/508.csv
345,2017-10-31T17:54:17Z,environment,43.46339,-3.80582,14.32,70.0,59.3,,http://datos.santander.es/api/datos/sensores_smart_env_monitoring/345.csv
231,2017-10-31T17:54:02Z,environment,43.46297,-3.81143,,67.0,,69.3,http://datos.santander.es/api/datos/sensores_smart_env_monitoring/231.csv
682,2017-10-31T17:54:00Z,environment,43.46017,-3.81944,13.48,71.0,0.0,,http://datos.santander.es/api/datos/sensores_smart_env_monitoring/682.csv
358,2017-10-31T17:53:58Z,environment,43.46307,-3.80887,15.87,77.0,0.0,,http://datos.santander.es/api/datos/sensores_smart_env_monitoring/358.csv
609,2017-10-31T17:53:50Z,environment,43.45606,-3.81121,-45.09,70.0,0.0,,http://datos.santander.es/api/datos/sensores_smart_env_monitoring/609.csv
222,2017-10-31T17:53:44Z,environment,43.46217,-3.81334,13.8,72.0,0.0,,http://datos.santander.es/api/datos/sensores_smart_env_monitoring/222.csv
420,2017-10-31T17:53:42Z,environment,43.46173,-3.80836,-47.29,80.0,2.44,,http://datos.santander.es/api/datos/sensores_smart_env_monitoring/420.csv
430,2017-10-31T17:53:38Z,environment,43.4625,-3.81401,14.64,72.0,2.61,,http://datos.santander.es/api/datos/sensores_smart_env_monitoring/430.csv
515,2017-10-31T17:53:35Z,environment,43.46399,-3.80893,14.0,66.0,0.0,,http://datos.santander.es/api/datos/sensores_smart_env_monitoring/515.csv
221,2017-10-31T17:53:27Z,environment,43.46229,-3.81277,14.51,68.0,0.0,,http://datos.santander.es/api/datos/sensores_smart_env_monitoring/221.csv
583,2017-10-31T17:53:24Z,environment,43.45566,-3.81157,14.51,70.0,0.0,,http://datos.santander.es/api/datos/sensores_smart_env_monitoring/583.csv
691,2017-10-31T17:53:21Z,environment,43.46068,-3.81887,14.0,70.0,0.26,,http://datos.santander.es/api/datos/sensores_smart_env_monitoring/691.csv
612,2017-10-31T17:53:16Z,environment,43.4584,-3.80866,14.32,72.0,0.0,,http://datos.santander.es/api/datos/sensores_smart_env_monitoring/612.csv
586,2017-10-31T17:53:10Z,environment,43.45517,-3.81203,15.87,75.0,0.0,,http://datos.santander.es/api/datos/sensores_smart_env_monitoring/586.csv
93,2017-10-31T17:53:05Z,environment,43.46074,-3.80812,-42.83,80.0,,,http://datos.santander.es/api/datos/sensores_smart_env_monitoring/93.csv
354,2017-10-31T17:53:04Z,environment,43.46249,-3.80917,-44.38,73.0,26.25,,http://datos.santander.es/api/datos/sensores_smart_env_monitoring/354.csv
203,2017-10-31T17:52:59Z,environment,43.46218,-3.80864,14.83,68.0,16.71,,http://datos.santander.es/api/datos/sensores_smart_env_monitoring/203.csv
516,2017-10-31T17:52:59Z,environment,43.4639,-3.8088,14.06,69.0,0.0,,http://datos.santander.es/api/datos/sensores_smart_env_monitoring/516.csv
517,2017-10-31T17:52:58Z,environment,43.46415,-3.80881,-43.35,73.0,0.0,,http://datos.santander.es/api/datos/sensores_smart_env_monitoring/517.csv
56,2017-10-31T17:52:52Z,environment,43.46102,-3.80743,14.06,85.0,1.03,,http://datos.santander.es/api/datos/sensores_smart_env_monitoring/56.csv
225,2017-10-31T17:52:51Z,environment,43.46217,-3.81312,14.25,73.0,0.0,,http://datos.santander.es/api/datos/sensores_smart_env_monitoring/225.csv
512,2017-10-31T17:52:50Z,environment,43.46417,-3.80979,-43.8,68.0,122.39,,http://datos.santander.es/api/datos/sensores_smart_env_monitoring/512.csv
656,2017-10-31T17:52:46Z,environment,43.45993,-3.82042,13.29,70.0,0.0,,http://datos.santander.es/api/datos/sensores_smart_env_monitoring/656.csv
513,2017-10-31T17:52:40Z,environment,43.464,-3.80987,15.35,73.0,0.0,,http://datos.santander.es/api/datos/sensores_smart_env_monitoring/513.csv
229,2017-10-31T17:52:33Z,environment,43.46216,-3.81199,14.9,70.0,0.0,,http://datos.santander.es/api/datos/sensores_smart_env_monitoring/229.csv
208,2017-10-31T17:52:29Z,environment,43.46338,-3.8131,15.09,69.0,61.65,,http://datos.santander.es/api/datos/sensores_smart_env_monitoring/208.csv
668,2017-10-31T17:52:28Z,environment,43.46029,-3.81907,13.93,68.0,0.0,,http://datos.santander.es/api/datos/sensores_smart_env_monitoring/668.csv
412,2017-10-31T17:52:27Z,environment,43.46152,-3.80949,-20.25,85.0,5.61,,http://datos.santander.es/api/datos/sensores_smart_env_monitoring/412.csv
226,2017-10-31T17:52:27Z,environment,43.46244,-3.8116,,63.0,,61.9,http://datos.santander.es/api/datos/sensores_smart_env_monitoring/226.csv
599,2017-10-31T17:52:21Z,environment,43.45571,-3.81211,15.09,77.0,0.0,,http://datos.santander.es/api/datos/sensores_smart_env_monitoring/599.csv
502,2017-10-31T17:52:18Z,environment,43.46385,-3.80613,14.0,69.0,0.0,,http://datos.santander.es/api/datos/sensores_smart_env_monitoring/502.csv
593,2017-10-31T17:52:18Z,environment,43.45686,-3.81044,14.9,70.0,81.04,,http://datos.santander.es/api/datos/sensores_smart_env_monitoring/593.csv
202,2017-10-31T17:52:15Z,environment,43.46217,-3.80892,15.29,63.0,8.23,,http://datos.santander.es/api/datos/sensores_smart_env_monitoring/202.csv
575,2017-10-31T17:52:12Z,environment,43.4559,-3.81214,14.25,71.0,0.0,,http://datos.santander.es/api/datos/sensores_smart_env_monitoring/575.csv
594,2017-10-31T17:52:04Z,environment,43.45431,-3.81282,16.0,73.0,0.0,,http://datos.santander.es/api/datos/sensores_smart_env_monitoring/594.csv
428,2017-10-31T17:52:04Z,environment,43.46161,-3.81068,13.67,64.0,51.53,,http://datos.santander.es/api/datos/sensores_smart_env_monitoring/428.csv
361,2017-10-31T17:52:03Z,environment,43.46334,-3.8088,14.51,73.0,5.61,,http://datos.santander.es/api/datos/sensores_smart_env_monitoring/361.csv
678,2017-10-31T17:52:00Z,environment,43.46069,-3.81765,211.61,73.0,37.05,,http://datos.santander.es/api/datos/sensores_smart_env_monitoring/678.csv
340,2017-10-31T17:51:59Z,environment,43.46364,-3.80633,14.06,70.0,0.0,,http://datos.santander.es/api/datos/sensores_smart_env_monitoring/340.csv
425,2017-10-31T17:51:53Z,environment,43.4613,-3.80908,15.16,86.0,0.0,,http://datos.santander.es/api/datos/sensores_smart_env_monitoring/425.csv
604,2017-10-31T17:51:50Z,environment,43.45714,-3.81019,13.61,71.0,0.0,,http://datos.santander.es/api/datos/sensores_smart_env_monitoring/604.csv
230,2017-10-31T17:51:50Z,environment,43.46216,-3.81176,15.03,70.0,0.0,,http://datos.santander.es/api/datos/sensores_smart_env_monitoring/230.csv
491,2017-10-31T17:51:37Z,environment,43.46453,-3.805,15.09,68.0,124360.72,,http://datos.santander.es/api/datos/sensores_smart_env_monitoring/491.csv
204,2017-10-31T17:51:35Z,environment,43.46202,-3.80839,15.54,83.0,27.34,,http://datos.santander.es/api/datos/sensores_smart_env_monitoring/204.csv
62,2017-10-31T17:51:33Z,environment,43.4609,-3.80786,13.8,82.0,,,http://datos.santander.es/api/datos/sensores_smart_env_monitoring/62.csv
426,2017-10-31T17:51:27Z,environment,43.46133,-3.80936,-38.38,80.0,0.37,,http://datos.santander.es/api/datos/sensores_smart_env_monitoring/426.csv
209,2017-10-31T17:51:24Z,environment,43.46328,-3.81343,13.87,72.0,0.0,,http://datos.santander.es/api/datos/sensores_smart_env_monitoring/209.csv
60,2017-10-31T17:51:21Z,environment,43.46078,-3.80802,14.58,83.0,,,http://datos.santander.es/api/datos/sensores_smart_env_monitoring/60.csv
661,2017-10-31T17:51:19Z,environment,43.46039,-3.81873,13.09,59.0,1.35,,http://datos.santander.es/api/datos/sensores_smart_env_monitoring/661.csv
482,2017-10-31T17:51:19Z,environment,43.4647,-3.80774,15.03,77.0,6.94,,http://datos.santander.es/api/datos/sensores_smart_env_monitoring/482.csv
519,2017-10-31T17:51:17Z,environment,43.46475,-3.80885,13.93,46.0,7.23,,http://datos.santander.es/api/datos/sensores_smart_env_monitoring/519.csv
734,2017-10-31T17:51:14Z,environment,43.45802,-3.80995,14.77,69.0,226.6,,http://datos.santander.es/api/datos/sensores_smart_env_monitoring/734.csv
228,2017-10-31T17:51:14Z,environment,43.46303,-3.81298,15.54,68.0,174.04,,http://datos.santander.es/api/datos/sensores_smart_env_monitoring/228.csv
518,2017-10-31T17:51:05Z,environment,43.46442,-3.80884,-12.9,68.0,0.09,,http://datos.santander.es/api/datos/sensores_smart_env_monitoring/518.csv
625,2017-10-31T17:43:39Z,environment,43.4582,-3.80992,-50.0,74.0,0.0,,http://datos.santander.es/api/datos/sensores_smart_env_monitoring/625.csv
275,2017-10-31T17:43:28Z,environment,43.46258,-3.79933,,71.0,,50.0,http://datos.santander.es/api/datos/sensores_smart_env_monitoring/275.csv
650,2017-10-31T17:43:23Z,environment,43.45839,-3.80971,16.32,74.0,0.0,,http://datos.santander.es/api/datos/sensores_smart_env_monitoring/650.csv
527,2017-10-31T17:43:02Z,environment,43.46296,-3.80129,,65.0,,50.0,http://datos.santander.es/api/datos/sensores_smart_env_monitoring/527.csv
540,2017-10-31T17:42:59Z,environment,43.46241,-3.80084,16.32,68.0,0.5,,http://datos.santander.es/api/datos/sensores_smart_env_monitoring/540.csv
538,2017-10-31T17:42:39Z,environment,43.46282,-3.80018,16.64,78.0,0.0,,http://datos.santander.es/api/datos/sensores_smart_env_monitoring/538.csv
652,2017-10-31T17:42:18Z,environment,43.45854,-3.80872,15.03,69.0,0.0,,http://datos.santander.es/api/datos/sensores_smart_env_monitoring/652.csv
641,2017-10-31T17:42:18Z,environment,43.45788,-3.81141,-50.0,68.0,0.0,,http://datos.santander.es/api/datos/sensores_smart_env_monitoring/641.csv
640,2017-10-31T17:42:18Z,environment,43.4584,-3.80922,14.77,73.0,0.0,,http://datos.santander.es/api/datos/sensores_smart_env_monitoring/640.csv
646,2017-10-31T17:42:18Z,environment,43.4592,-3.80895,15.16,70.0,0.0,,http://datos.santander.es/api/datos/sensores_smart_env_monitoring/646.csv
634,2017-10-31T17:42:18Z,environment,43.4591,-3.80929,14.64,69.0,780.6,,http://datos.santander.es/api/datos/sensores_smart_env_monitoring/634.csv
542,2017-10-31T17:42:03Z,environment,43.4629,-3.79948,14.77,68.0,62.14,,http://datos.santander.es/api/datos/sensores_smart_env_monitoring/542.csv
525,2017-10-31T17:42:01Z,environment,43.46349,-3.80142,14.0,67.0,0.0,,http://datos.santander.es/api/datos/sensores_smart_env_monitoring/525.csv
274,2017-10-31T17:41:41Z,environment,43.46248,-3.7996,14.58,68.0,137.06,,http://datos.santander.es/api/datos/sensores_smart_env_monitoring/274.csv
266,2017-10-31T17:41:15Z,environment,43.46291,-3.80069,16.32,70.0,74.35,,http://datos.santander.es/api/datos/sensores_smart_env_monitoring/266.csv
536,2017-10-31T17:41:05Z,environment,43.46301,-3.79968,15.03,69.0,64.1,,http://datos.santander.es/api/datos/sensores_smart_env_monitoring/536.csv
529,2017-10-31T17:41:03Z,environment,43.46313,-3.80097,15.74,68.0,220.79,,http://datos.santander.es/api/datos/sensores_smart_env_monitoring/529.csv
271,2017-10-31T17:40:55Z,environment,43.46251,-3.80022,14.25,71.0,199.19,,http://datos.santander.es/api/datos/sensores_smart_env_monitoring/271.csv
543,2017-10-31T17:40:49Z,environment,43.46267,-3.79951,14.25,62.0,330.29,,http://datos.santander.es/api/datos/sensores_smart_env_monitoring/543.csv
537,2017-10-31T17:40:38Z,environment,43.4628,-3.80031,15.16,58.0,88.35,,http://datos.santander.es/api/datos/sensores_smart_env_monitoring/537.csv
530,2017-10-31T17:40:38Z,environment,43.46316,-3.80046,15.22,69.0,0.0,,http://datos.santander.es/api/datos/sensores_smart_env_monitoring/530.csv
455,2017-10-31T17:40:22Z,environment,43.46233,-3.80013,15.54,73.0,46.91,,http://datos.santander.es/api/datos/sensores_smart_env_monitoring/455.csv
268,2017-10-31T17:40:20Z,environment,43.46322,-3.80132,267.29,54.0,6561887.4,,http://datos.santander.es/api/datos/sensores_smart_env_monitoring/268.csv
528,2017-10-31T17:40:17Z,environment,43.4631,-3.80123,15.8,73.0,0.0,,http://datos.santander.es/api/datos/sensores_smart_env_monitoring/528.csv
524,2017-10-31T17:39:58Z,environment,43.46268,-3.80264,15.22,72.0,2.72,,http://datos.santander.es/api/datos/sensores_smart_env_monitoring/524.csv
2566,2017-10-31T17:39:19Z,environment,43.46286,-3.80351,14.64,68.0,226.6,,http://datos.santander.es/api/datos/sensores_smart_env_monitoring/2566.csv
647,2017-10-31T17:39:13Z,environment,43.45761,-3.80995,-46.45,75.0,0.0,,http://datos.santander.es/api/datos/sensores_smart_env_monitoring/647.csv
273,2017-10-31T17:39:04Z,environment,43.46275,-3.7996,16.0,71.0,0.0,,http://datos.santander.es/api/datos/sensores_smart_env_monitoring/273.csv
541,2017-10-31T17:39:03Z,environment,43.46254,-3.80006,14.9,69.0,47.65,,http://datos.santander.es/api/datos/sensores_smart_env_monitoring/541.csv
533,2017-10-31T17:38:48Z,environment,43.46323,-3.79979,15.29,69.0,7.01,,http://datos.santander.es/api/datos/sensores_smart_env_monitoring/533.csv
400,2017-10-31T17:35:16Z,environment,43.46272,-3.79783,13.74,58.0,217.01,,http://datos.santander.es/api/datos/sensores_smart_env_monitoring/400.csv
183,2017-10-31T17:35:16Z,environment,43.46315,-3.79634,-23.48,83.0,14.53,,http://datos.santander.es/api/datos/sensores_smart_env_monitoring/183.csv
461,2017-10-31T17:35:16Z,environment,43.46321,-3.79798,15.67,70.0,0.0,,http://datos.santander.es/api/datos/sensores_smart_env_monitoring/461.csv
276,2017-10-31T17:35:16Z,environment,43.46326,-3.79737,14.77,70.0,359.36,,http://datos.santander.es/api/datos/sensores_smart_env_monitoring/276.csv
277,2017-10-31T17:35:16Z,environment,43.46324,-3.79764,15.29,75.0,0.0,,http://datos.santander.es/api/datos/sensores_smart_env_monitoring/277.csv
403,2017-10-31T17:35:16Z,environment,43.46327,-3.79711,16.12,73.0,0.0,,http://datos.santander.es/api/datos/sensores_smart_env_monitoring/403.csv
404,2017-10-31T17:35:16Z,environment,43.4633,-3.7968,,73.0,,50.0,http://datos.santander.es/api/datos/sensores_smart_env_monitoring/404.csv
636,2017-10-31T16:16:22Z,environment,43.45781,-3.81165,19.87,70.0,0.0,,http://datos.santander.es/api/datos/sensores_smart_env_monitoring/636.csv
732,2017-10-31T16:15:21Z,environment,43.45647,-3.81201,,73.0,,57.2,http://datos.santander.es/api/datos/sensores_smart_env_monitoring/732.csv
280,2017-10-31T15:55:40Z,environment,43.46308,-3.79848,15.87,76.0,0.0,,http://datos.santander.es/api/datos/sensores_smart_env_monitoring/280.csv
180,2017-10-31T15:55:40Z,environment,43.46301,-3.79621,-2.64,63.0,0.21,,http://datos.santander.es/api/datos/sensores_smart_env_monitoring/180.csv
399,2017-10-31T15:55:40Z,environment,43.4627,-3.79807,15.35,73.0,0.0,,http://datos.santander.es/api/datos/sensores_smart_env_monitoring/399.csv
642,2017-10-31T11:34:57Z,environment,43.45711,-3.81211,13.87,78.0,91.9,,http://datos.santander.es/api/datos/sensores_smart_env_monitoring/642.csv
635,2017-10-31T09:44:31Z,environment,43.45527,-3.81383,12.51,76.0,3494.54,,http://datos.santander.es/api/datos/sensores_smart_env_monitoring/635.csv
169,2017-10-31T08:54:55Z,environment,43.46224,-3.80034,17.03,31.0,3774.73,,http://datos.santander.es/api/datos/sensores_smart_env_monitoring/169.csv
6,2017-10-31T08:32:07Z,environment,43.46212,-3.79979,-50.0,82.0,,,http://datos.santander.es/api/datos/sensores_smart_env_monitoring/6.csv
459,2017-10-31T08:32:07Z,environment,43.46263,-3.7988,12.64,88.0,0.18,,http://datos.santander.es/api/datos/sensores_smart_env_monitoring/459.csv
13,2017-10-31T08:32:07Z,environment,43.46231,-3.79772,11.29,86.0,,,http://datos.santander.es/api/datos/sensores_smart_env_monitoring/13.csv
548,2017-10-31T08:32:07Z,environment,43.46266,-3.79845,12.64,90.0,0.05,,http://datos.santander.es/api/datos/sensores_smart_env_monitoring/548.csv
42,2017-10-31T08:32:07Z,environment,43.46181,-3.79944,11.54,87.0,,,http://datos.santander.es/api/datos/sensores_smart_env_monitoring/42.csv
393,2017-10-31T08:32:07Z,environment,43.46238,-3.79942,13.87,88.0,0.08,,http://datos.santander.es/api/datos/sensores_smart_env_monitoring/393.csv
460,2017-10-31T08:32:07Z,environment,43.46327,-3.79832,11.03,89.0,1.03,,http://datos.santander.es/api/datos/sensores_smart_env_monitoring/460.csv
8,2017-10-31T08:32:07Z,environment,43.46224,-3.79852,10.45,87.0,,,http://datos.santander.es/api/datos/sensores_smart_env_monitoring/8.csv
178,2017-10-31T08:32:07Z,environment,43.46269,-3.7969,-24.25,89.0,228.58,,http://datos.santander.es/api/datos/sensores_smart_env_monitoring/178.csv
394,2017-10-31T08:32:07Z,environment,43.46252,-3.79834,13.93,92.0,0.0,,http://datos.santander.es/api/datos/sensores_smart_env_monitoring/394.csv
11,2017-10-31T08:32:07Z,environment,43.46206,-3.79749,-31.67,87.0,,,http://datos.santander.es/api/datos/sensores_smart_env_monitoring/11.csv
281,2017-10-31T08:32:07Z,environment,43.46232,-3.79918,,84.0,,50.0,http://datos.santander.es/api/datos/sensores_smart_env_monitoring/281.csv
279,2017-10-31T08:32:07Z,environment,43.46302,-3.79842,12.19,86.0,0.0,,http://datos.santander.es/api/datos/sensores_smart_env_monitoring/279.csv
547,2017-10-31T08:32:07Z,environment,43.46292,-3.79825,12.96,91.0,0.0,,http://datos.santander.es/api/datos/sensores_smart_env_monitoring/547.csv
175,2017-10-31T08:32:07Z,environment,43.46243,-3.79794,-8.9,86.0,0.16,,http://datos.santander.es/api/datos/sensores_smart_env_monitoring/175.csv
398,2017-10-31T08:32:07Z,environment,43.46262,-3.79819,,84.0,,59.2,http://datos.santander.es/api/datos/sensores_smart_env_monitoring/398.csv
176,2017-10-31T08:32:07Z,environment,43.46248,-3.79751,11.09,91.0,0.0,,http://datos.santander.es/api/datos/sensores_smart_env_monitoring/176.csv
177,2017-10-31T08:32:07Z,environment,43.46252,-3.7972,-47.41,88.0,3.03,,http://datos.santander.es/api/datos/sensores_smart_env_monitoring/177.csv
174,2017-10-31T08:32:07Z,environment,43.4624,-3.79832,10.9,93.0,0.0,,http://datos.santander.es/api/datos/sensores_smart_env_monitoring/174.csv
546,2017-10-31T08:32:07Z,environment,43.46319,-3.79814,12.0,86.0,0.0,,http://datos.santander.es/api/datos/sensores_smart_env_monitoring/546.csv
171,2017-10-31T08:32:07Z,environment,43.46229,-3.79956,10.9,87.0,0.0,,http://datos.santander.es/api/datos/sensores_smart_env_monitoring/171.csv
12,2017-10-31T08:32:07Z,environment,43.46198,-3.79796,12.38,86.0,,,http://datos.santander.es/api/datos/sensores_smart_env_monitoring/12.csv
2,2017-10-31T08:13:14Z,environment,43.46184,-3.80202,11.09,83.0,0.54,,http://datos.santander.es/api/datos/sensores_smart_env_monitoring/2.csv
170,2017-10-31T08:11:59Z,environment,43.46225,-3.8,11.16,12.0,23.02,,http://datos.santander.es/api/datos/sensores_smart_env_monitoring/170.csv
649,2017-10-31T08:01:37Z,environment,43.45731,-3.81245,12.06,88.0,40.73,,http://datos.santander.es/api/datos/sensores_smart_env_monitoring/649.csv
407,2017-10-30T12:25:15Z,environment,43.46294,-3.79703,,41.0,,100.0,http://datos.santander.es/api/datos/sensores_smart_env_monitoring/407.csv
744,2017-10-08T07:27:02Z,environment,43.45706,-3.81364,-48.12,85.0,0.0,,http://datos.santander.es/api/datos/sensores_smart_env_monitoring/744.csv
243,2017-10-06T13:51:26Z,environment,43.46239,-3.8052,18.64,77.0,1165.32,,http://datos.santander.es/api/datos/sensores_smart_env_monitoring/243.csv
239,2017-10-06T13:51:22Z,environment,43.46211,-3.80737,16.45,76.0,0.0,,http://datos.santander.es/api/datos/sensores_smart_env_monitoring/239.csv
245,2017-10-06T13:51:05Z,environment,43.46204,-3.80485,17.54,77.0,506.76,,http://datos.santander.es/api/datos/sensores_smart_env_monitoring/245.csv
237,2017-10-06T13:51:00Z,environment,43.46217,-3.80704,,77.0,,50.0,http://datos.santander.es/api/datos/sensores_smart_env_monitoring/237.csv
246,2017-10-06T13:50:53Z,environment,43.46242,-3.80549,,75.0,,59.2,http://datos.santander.es/api/datos/sensores_smart_env_monitoring/246.csv
242,2017-10-06T13:49:43Z,environment,43.46246,-3.80542,17.87,74.0,31.86,,http://datos.santander.es/api/datos/sensores_smart_env_monitoring/242.csv
232,2017-10-06T13:48:54Z,environment,43.46219,-3.80768,16.25,74.0,0.0,,http://datos.santander.es/api/datos/sensores_smart_env_monitoring/232.csv
234,2017-10-06T13:48:48Z,environment,43.46284,-3.80716,17.41,81.0,31.6,,http://datos.santander.es/api/datos/sensores_smart_env_monitoring/234.csv
241,2017-10-06T13:48:30Z,environment,43.46264,-3.80544,16.96,78.0,0.0,,http://datos.santander.es/api/datos/sensores_smart_env_monitoring/241.csv
233,2017-10-06T13:47:33Z,environment,43.4625,-3.80753,16.64,79.0,0.0,,http://datos.santander.es/api/datos/sensores_smart_env_monitoring/233.csv
235,2017-10-06T13:47:09Z,environment,43.46282,-3.80735,18.7,79.0,0.0,,http://datos.santander.es/api/datos/sensores_smart_env_monitoring/235.csv
238,2017-08-05T09:00:53Z,environment,43.46221,-3.80674,-48.83,74.0,0.0,,http://datos.santander.es/api/datos/sensores_smart_env_monitoring/238.csv
610,2017-06-24T06:00:16Z,environment,43.45633,-3.81094,18.12,11.0,0.08,,http://datos.santander.es/api/datos/sensores_smart_env_monitoring/610.csv
