IdNom;Sigles;Particules;NomVia;NomViaComposat;
"39857";"pl.";"de";"Maria Teresa Gavarró";"pl. de Maria Teresa Gavarró";
"39858";"pl.";"de";"Bulgària";"pl. de Bulgària";
"39859";"c.";"de";"Maria Teresa Duran";"c. de Maria Teresa Duran";
"39006";"c.";"de";"França";"c. de França";
"39007";"rda.";"de";"Jean Monnet";"rda. de Jean Monnet";
"39009";"pg.";"del";"Regne Unit";"pg. del Regne Unit";
"39010";"c.";"dels";"Països Baixos";"c. dels Països Baixos";
"39011";"c.";"d'";"Àustria";"c. d' Àustria";
"39012";"c.";"de";"Dinamarca";"c. de Dinamarca";
"39013";"c.";"d'";"Eslovènia";"c. d' Eslovènia";
"39014";"c.";"d'";"Eslovàquia";"c. d' Eslovàquia";
"39015";"c.";"d'";"Hongria";"c. d' Hongria";
"39016";"c.";"d'";"Itàlia";"c. d' Itàlia";
"39017";"c.";"de";"Bèlgica";"c. de Bèlgica";
"39018";"c.";"de";"Luxemburg";"c. de Luxemburg";
"39019";"c.";"d'";"Estònia";"c. d' Estònia";
"39020";"c.";"de";"Letònia";"c. de Letònia";
"39021";"c.";"de";"Lituània";"c. de Lituània";
"39022";"c.";"de";"Grècia";"c. de Grècia";
"39023";"c.";"de";"Xipre";"c. de Xipre";
"39024";"c.";"de";"Finlàndia";"c. de Finlàndia";
"39025";"c.";"de";"Suècia";"c. de Suècia";
"39026";"c.";"de";"Polònia";"c. de Polònia";
"39027";"c.";"de";"Txèquia";"c. de Txèquia";
"39028";"parc";"de";"Can Gambús";"parc de Can Gambús";
"37663";"parc";"de la";"Serra";"parc de la Serra";
"37664";"pg.";"de";"Pedro Martínez";"pg. de Pedro Martínez";
"37665";"pg.";"de";"Loja";"pg. de Loja";
"37483";"pl.";"de la";"Font de la Roca";"pl. de la Font de la Roca";
"35875";"pl.";"de la";"Sardana";"pl. de la Sardana";
"35876";"pl.";"de l'";"Advocacia";"pl. de l' Advocacia";
"33335";"pl.";"de les";"Ordidores";"pl. de les Ordidores";
"33133";"pg.";"d'";"Aragó";"pg. d' Aragó";
"32570";"pl.";"de";"Daniel Sanahuja";"pl. de Daniel Sanahuja";
"31431";"pl.";"de";"Sol i Padrís";"pl. de Sol i Padrís";
"31432";"pl.";"d'";"Isabel Vilà";"pl. d' Isabel Vilà";
"30917";"pg.";"de la";"Región de Murcia";"pg. de la Región de Murcia";
"30918";"pl.";"d'";"Agustí Masvidal";"pl. d' Agustí Masvidal";
"30460";"pl.";"de";"Maria Vinyes";"pl. de Maria Vinyes";
"30056";"pl.";"de";"Rodríguez Hurtado";"pl. de Rodríguez Hurtado";
"30058";"pl.";"de les";"Cultures";"pl. de les Cultures";
"29412";"pl.";"del";"Pla de l'Amor";"pl. del Pla de l'Amor";
"27114";"ptge.";"de";"Vila i Fusté";"ptge. de Vila i Fusté";
"27117";"parc";"de";"Tierno Galván";"parc de Tierno Galván";
"23548";"c.";"de";"Viena";"c. de Viena";
"22974";"pl.";"de";"Llorenç Juncà";"pl. de Llorenç Juncà";
"22980";"pl.";"d'";"Alberto Lavera";"pl. d' Alberto Lavera";
"22981";"parc";"del";"Nord";"parc del Nord";
"20652";"pl.";"de";"Gorgona";"pl. de Gorgona";
"20654";"pl.";"d'";"Emília Claramunt";"pl. d' Emília Claramunt";
"20655";"pl.";"de";"Carme Obradors";"pl. de Carme Obradors";
"20656";"pl.";"d'";"Eulàlia Garriga";"pl. d' Eulàlia Garriga";
"19153";"pg.";"de";"San Sebastián de los Ballesteros";"pg. de San Sebastián de los Ballesteros";
"19154";"pg.";"d'A";"Mariña Lucense";"pg. d'A Mariña Lucense";
"19155";"parc";"de la";"Romeua";"parc de la Romeua";
"19157";"pl.";"de";"Gernika";"pl. de Gernika";
"19158";"pl.";"de";"Granollers";"pl. de Granollers";
"19159";"camí";"del";"Molí Xic";"camí del Molí Xic";
"19160";"pl.";"de";"Pere Calders";"pl. de Pere Calders";
"19161";"camí";"del";"Molí d'en Fontanet";"camí del Molí d'en Fontanet";
"18650";"pl.";"del";"Voluntariat";"pl. del Voluntariat";
"18024";"c.";"de";"Susqueda";"c. de Susqueda";
"18025";"c.";"de";"Matamala";"c. de Matamala";
"18026";"c.";"de";"Siurana";"c. de Siurana";
"18027";"c.";"de la";"Baells";"c. de la Baells";
"18028";"c.";"de la";"Llosa del Cavall";"c. de la Llosa del Cavall";
"18029";"c.";"de";"Banyoles";"c. de Banyoles";
"18030";"ptge.";"de";"Cotlliure";"ptge. de Cotlliure";
"17920";"pl.";"d'";"Ernest Lluch";"pl. d' Ernest Lluch";
"11816";"pl.";"de l'";"Imperial";"pl. de l' Imperial";
"11817";"pl.";"de";"Joan Oliu";"pl. de Joan Oliu";
"11818";"pl.";"d'";"Adolf Cabané";"pl. d' Adolf Cabané";
"11819";"parc";"de la";"Clota";"parc de la Clota";
"11821";"pl.";"de";"Maty Mont";"pl. de Maty Mont";
"9305";"c.";"de";"Porto";"c. de Porto";
"9307";"c.";"de";"Can Moragues";"c. de Can Moragues";
"9308";"c.";"de";"Can Gener";"c. de Can Gener";
"9309";"c.";"de";"Can Pobla";"c. de Can Pobla";
"9310";"c.";"de";"Can Lletget";"c. de Can Lletget";
"9313";"c.";"de";"Can Mimó";"c. de Can Mimó";
"9314";"c.";"de";"Cal Mas";"c. de Cal Mas";
"9318";"c.";"de";"Ca n'Ermengol";"c. de Ca n'Ermengol";
"9319";"c.";"dels";"Corrals Nous";"c. dels Corrals Nous";
"9322";"c.";"de";"Can Maurí";"c. de Can Maurí";
"9323";"c.";"de";"Can Manent";"c. de Can Manent";
"9361";"pl.";"de";"Matagalpa";"pl. de Matagalpa";
"9251";"c.";"de les";"Gardènies";"c. de les Gardènies";
"9255";"pl.";"de";"Garcia-Planas";"pl. de Garcia-Planas";
"9257";"pl.";"de l'";"Argub";"pl. de l' Argub";
"9258";"c.";"del";"Kurdistan";"c. del Kurdistan";
"9259";"c.";"del";"Poble Bubi";"c. del Poble Bubi";
"9262";"c.";"del";"Poble Sahrauí";"c. del Poble Sahrauí";
"9263";"c.";"del";"Tibet";"c. del Tibet";
"9264";"camí";"de";"Ca la Daniela";"camí de Ca la Daniela";
"9266";"c.";"de les";"Cases d'en Sangés";"c. de les Cases d'en Sangés";
"9267";"ptge.";"d'en";"Sangés";"ptge. d'en Sangés";
"9268";"c.";"de";"Primo Levi";"c. de Primo Levi";
"9270";"pl.";"de";"Dolors Viñas";"pl. de Dolors Viñas";
"9271";"pl.";"de";"Maria Mercè Marçal";"pl. de Maria Mercè Marçal";
"9272";"ptge.";"d'";"Avel·lí Artís";"ptge. d' Avel·lí Artís";
"9274";"camí";"del";"Molí de l'Amat";"camí del Molí de l'Amat";
"9279";"c.";"del";"Barranc de Jonqueres";"c. del Barranc de Jonqueres";
"9282";"parc";"de";"Nostra Llar";"parc de Nostra Llar";
"1665";"pg.";"dels";"Almogàvers";"pg. dels Almogàvers";
"1666";"ptge.";"de l'";"Almirall Marquet";"ptge. de l' Almirall Marquet";
"1667";"c.";"d'";"Alí Bei";"c. d' Alí Bei";
"1668";"c.";"d'";"Alguersuari i Pascual";"c. d' Alguersuari i Pascual";
"1669";"ptge.";"de l'";"Alguer";"ptge. de l' Alguer";
"1670";"c.";"d'";"Algesires";"c. d' Algesires";
"1671";"c.";"d'";"Alfons XIII";"c. d' Alfons XIII";
"1672";"c.";"d'";"Alfons Sala";"c. d' Alfons Sala";
"1673";"pl.";"d'";"Alexandria";"pl. d' Alexandria";
"1674";"via";" ";"Alexandra";"via   Alexandra";
"1675";"c.";"d'";"Alemanya";"c. d' Alemanya";
"1676";"c.";"de l'";"Alegria";"c. de l' Alegria";
"1677";"c.";"d'";"Alcubierre";"c. d' Alcubierre";
"1678";"c.";"d'";"Alcoi";"c. d' Alcoi";
"1679";"c.";"de l'";"Alcarria";"c. de l' Alcarria";
"1680";"c.";"de l'";"Advocat Viladot";"c. de l' Advocat Viladot";
"1681";"c.";"de l'";"Alcalde Ribé";"c. de l' Alcalde Ribé";
"1682";"pl.";"de l'";"Alcalde Miralles";"pl. de l' Alcalde Miralles";
"1683";"avda.";"de l'";"Alcalde Moix";"avda. de l' Alcalde Moix";
"1684";"pl.";"de l'";"Alcalde Marcet";"pl. de l' Alcalde Marcet";
"1685";"c.";"de l'";"Alcalde Crespí";"c. de l' Alcalde Crespí";
"1686";"c.";"de l'";"Albufera";"c. de l' Albufera";
"1687";"pl.";"dels";"Àlbers";"pl. dels Àlbers";
"1688";"c.";"d'";"Albéniz";"c. d' Albéniz";
"1689";"c.";"d'";"Albarrasí";"c. d' Albarrasí";
"1690";"ptge.";"de l'";"Albaicín";"ptge. de l' Albaicín";
"1691";"c.";"dels";"Ajustadors";"c. dels Ajustadors";
"1692";"c.";"d'";"Agustina d'Aragó";"c. d' Agustina d'Aragó";
"1693";"c.";"d'";"Agustí Bartra";"c. d' Agustí Bartra";
"1694";"c.";"de les";"Agudes";"c. de les Agudes";
"1695";"c.";"de l'";"Agricultura";"c. de l' Agricultura";
"1696";"c.";"d'";"Agnès Armengol";"c. d' Agnès Armengol";
"1697";"c.";"d'";"Àger";"c. d' Àger";
"1698";"c.";"de l'";"Advocat Cirera";"c. de l' Advocat Cirera";
"1699";"c.";"d'";"Adriana";"c. d' Adriana";
"1700";"pl.";"de les";"Acàcies";"pl. de les Acàcies";
"1701";"c.";"de l'";"Abat Otó";"c. de l' Abat Otó";
"1702";"c.";"de l'";"Abat Oliba";"c. de l' Abat Oliba";
"1703";"c.";"de l'";"Abat Escarré";"c. de l' Abat Escarré";
"1619";"c.";"d'";"Arnau de Vilanova";"c. d' Arnau de Vilanova";
"1620";"c.";"d'";"Armand Obiols";"c. d' Armand Obiols";
"1621";"c.";"d'";"Aristòtil";"c. d' Aristòtil";
"1622";"c.";"d'";"Arimon";"c. d' Arimon";
"1623";"c.";"d'";"Aribau";"c. d' Aribau";
"1624";"c.";"de l'";"Argentina";"c. de l' Argentina";
"1625";"c.";"de l'";"Argentera";"c. de l' Argentera";
"1626";"c.";"d'";"Archidona";"c. d' Archidona";
"1627";"c.";"de l'";"Arcàdia";"c. de l' Arcàdia";
"1628";"c.";"d'";"Arànser";"c. d' Arànser";
"1629";"c.";"d'";"Aquisgrà";"c. d' Aquisgrà";
"1630";"c.";"de l'";"Apúlia";"c. de l' Apúlia";
"1631";"c.";"dels";"Aprestadors";"c. dels Aprestadors";
"1632";"c.";"dels";"Aprenents";"c. dels Aprenents";
"1633";"c.";"dels";"Apenins";"c. dels Apenins";
"1634";"c.";"d'";"Apel.les Mestres";"c. d' Apel.les Mestres";
"1635";"c.";"d'";"Antonio Vico";"c. d' Antonio Vico";
"1636";"pl.";"d'";"Antonio Machado";"pl. d' Antonio Machado";
"1637";"c.";"d'";"Antoni Oller";"c. d' Antoni Oller";
"1638";"c.";"d'";"Antoni Maura";"c. d' Antoni Maura";
"1639";"pl.";"d'";"Antoni Llonch";"pl. d' Antoni Llonch";
"1640";"c.";"d'";"Antoni Forrellad";"c. d' Antoni Forrellad";
"1642";"c.";"d'";"Antoni Cusidó";"c. d' Antoni Cusidó";
"1643";"c.";"de les";"Antilles";"c. de les Antilles";
"1644";"c.";"d'";"Anselm Turmeda";"c. d' Anselm Turmeda";
"1645";"pl.";"d'";"Anselm Clavé";"pl. d' Anselm Clavé";
"1646";"c.";"de l'";"Anoia";"c. de l' Anoia";
"1647";"c.";"d'";"Anníbal";"c. d' Anníbal";
"1648";"c.";"d'";"Anne Frank";"c. d' Anne Frank";
"1649";"c.";"d'";"Àngel Guimerà";"c. d' Àngel Guimerà";
"1650";"pl.";"de l'";"Àngel";"pl. de l' Àngel";
"1651";"c.";"d'";"Aneto";"c. d' Aneto";
"1652";"avda.";"d'";"Andreu Nin";"avda. d' Andreu Nin";
"1653";"c.";"d'";"Andorra";"c. d' Andorra";
"1654";"c.";"dels";"Andes";"c. dels Andes";
"1655";"c.";"d'";"Amsterdam";"c. d' Amsterdam";
"1656";"pl.";"de l'";"Amistat";"pl. de l' Amistat";
"1657";"c.";"d'";"Amílcar Barca";"c. d' Amílcar Barca";
"1658";"c.";"d'";"Amèrica";"c. d' Amèrica";
"1659";"raval";"d'";"Amàlia";"raval d' Amàlia";
"1660";"pl.";"d'";"Amadeu Aragay";"pl. d' Amadeu Aragay";
"1661";"pl.";"de les";"Alzines";"pl. de les Alzines";
"1662";"c.";"dels";"Alps";"c. dels Alps";
"1663";"c.";"de";"Bolvir";"c. de Bolvir";
"1664";"c.";"de l'";"Almudena";"c. de l' Almudena";
"1574";"c.";"de";"Bellmunt";"c. de Bellmunt";
"1575";"rda.";"de";"Bellesguard";"rda. de Bellesguard";
"1576";"ptge.";"de";"Bellaterra";"ptge. de Bellaterra";
"1577";"ctra.";"de";"Bellaterra";"ctra. de Bellaterra";
"1578";"illa";" ";"Bella";"illa   Bella";
"1579";"pg.";"de";"Béjar";"pg. de Béjar";
"1580";"c.";"de";"Begoña";"c. de Begoña";
"1581";"c.";"de";"Beethoven";"c. de Beethoven";
"1582";"pl.";"de";"Beatriu de Dia";"pl. de Beatriu de Dia";
"1583";"c.";"de";"Baygual";"c. de Baygual";
"1584";"c.";"de";"Batllevell";"c. de Batllevell";
"1585";"c.";"de la";"Baronia";"c. de la Baronia";
"1586";"pl.";"de";"Barcelona";"pl. de Barcelona";
"1587";"ctra.";"de";"Barcelona";"ctra. de Barcelona";
"1588";"avda.";"de";"Barberà";"avda. de Barberà";
"1589";"c.";"de";"Baltarga";"c. de Baltarga";
"1590";"c.";"de";"Balmes";"c. de Balmes";
"1591";"c.";"de";"Baldiri Reixac";"c. de Baldiri Reixac";
"1592";"c.";"dels";"Balcans";"c. dels Balcans";
"1593";"c.";"de";"Balaguer";"c. de Balaguer";
"1594";"c.";"de";"Bailèn";"c. de Bailèn";
"1595";"c.";"del";"Bages";"c. del Bages";
"1596";"c.";"de";"Bad Vöslau";"c. de Bad Vöslau";
"1597";"c.";"d'en";"Bac de Roda";"c. d'en Bac de Roda";
"1598";"pl.";"dels";"Avis";"pl. dels Avis";
"1599";"pl.";"dels";"Avets";"pl. dels Avets";
"1600";"c.";"d'";"Avellaneda";"c. d' Avellaneda";
"1601";"c.";"d'";"Ausiàs Marc";"c. d' Ausiàs Marc";
"1602";"pl.";"d'";"Aurora Bertrana";"pl. d' Aurora Bertrana";
"1603";"pl.";"de";"M. Aurèlia Capmany";"pl. de M. Aurèlia Capmany";
"1604";"via";" ";"Aurèlia";"via   Aurèlia";
"1605";"illa";" ";"Àurea";"illa   Àurea";
"1606";"via";" ";"Augusta";"via   Augusta";
"1607";"c.";"de l'";"Atlas";"c. de l' Atlas";
"1608";"c.";"d'";"Atlanta";"c. d' Atlanta";
"1609";"pl.";"de";"Còrdova";"pl. de Còrdova";
"1610";"pl.";"de l'";"Assemblea de Catalunya";"pl. de l' Assemblea de Catalunya";
"1611";"ptge.";"d'";"Àsdrubal";"ptge. d' Àsdrubal";
"1612";"c.";"de l'";"Arxiver Clausellas";"c. de l' Arxiver Clausellas";
"1613";"c.";"de l'";"Arxiduc d'Àustria";"c. de l' Arxiduc d'Àustria";
"1614";"c.";"de l'";"Artiga de Lin";"c. de l' Artiga de Lin";
"1615";"c.";"d'";"Artesa de Segre";"c. d' Artesa de Segre";
"1616";"avda.";"d'";"Arraona";"avda. d' Arraona";
"1617";"c.";"d'";"Arousa";"c. d' Arousa";
"1618";"c.";"d'";"Arnella";"c. d' Arnella";
"1528";"c.";"de";"Brisbane";"c. de Brisbane";
"1529";"c.";"del";"Brasil";"c. del Brasil";
"1530";"c.";"de";"Bradford";"c. de Bradford";
"1531";"c.";"de";"Boston";"c. de Boston";
"1532";"pl.";"de";"Bosch i Gimpera";"pl. de Bosch i Gimpera";
"1533";"c.";"de";"Bosch i Cardellach";"c. de Bosch i Cardellach";
"1534";"c.";"del";"Bosc";"c. del Bosc";
"1535";"trv.";"de la";"Borriana";"trv. de la Borriana";
"1536";"c.";"de la";"Borriana";"c. de la Borriana";
"1537";"c.";"de";"Borrell";"c. de Borrell";
"1538";"c.";"de";"Borràs";"c. de Borràs";
"1539";"c.";"de";"Borgonyó";"c. de Borgonyó";
"1540";"c.";"de";"Bonavista";"c. de Bonavista";
"1541";"c.";"de la";"Bona-sort";"c. de la Bona-sort";
"1542";"c.";"de la";"Bonanova";"c. de la Bonanova";
"1543";"c.";"de la";"Bonaigua";"c. de la Bonaigua";
"1544";"c.";"de";"Bombai";"c. de Bombai";
"1545";"c.";"de";"Boí";"c. de Boí";
"1546";"c.";"de";"Bofí";"c. de Bofí";
"1547";"c.";"de";"Boccaccio";"c. de Boccaccio";
"1548";"c.";"de la";"Bòbila";"c. de la Bòbila";
"1549";"c.";"";"Blau";"c.  Blau";
"1550";"c.";"de";"Blasco de Garay";"c. de Blasco de Garay";
"1551";"c.";"del";"Blanquerna";"c. del Blanquerna";
"1552";"c.";"";"Blanc";"c.  Blanc";
"1553";"c.";"de";"Bilbao";"c. de Bilbao";
"1554";"c.";"de";"Biella";"c. de Biella";
"1555";"c.";"del";"Besòs";"c. del Besòs";
"1556";"c.";"del";"Besiberri";"c. del Besiberri";
"1557";"ptge.";"de";"Besalú";"ptge. de Besalú";
"1558";"c.";"de";"Bertrand Russell";"c. de Bertrand Russell";
"1559";"c.";"de";"Bernat Metge";"c. de Bernat Metge";
"1560";"c.";"de";"Bernat Desclot";"c. de Bernat Desclot";
"1561";"c.";"de";"Bernat de Rocabertí";"c. de Bernat de Rocabertí";
"1562";"c.";"de";"Bernat Boades";"c. de Bernat Boades";
"1563";"c.";"de";"Berlín";"c. de Berlín";
"1564";"c.";"del";"Berguedà";"c. del Berguedà";
"1565";"c.";"de";"Bergen";"c. de Bergen";
"1566";"c.";"de";"Berenguer el Gran";"c. de Berenguer el Gran";
"1567";"pl.";"de";"Benjamín García";"pl. de Benjamín García";
"1568";"c.";"de";"Benidorm";"c. de Benidorm";
"1569";"c.";"de";"Benavarri";"c. de Benavarri";
"1570";"c.";"de";"Benasc";"c. de Benasc";
"1571";"c.";"de";"Bellver";"c. de Bellver";
"1572";"c.";"de";"Bellsolà";"c. de Bellsolà";
"1573";"ptge.";"de";"Bellpuig";"ptge. de Bellpuig";
"1483";"camí";"de";"Can Quadres";"camí de Can Quadres";
"1484";"c.";"de";"Can Puiggener";"c. de Can Puiggener";
"1485";"bda.";"de";"Can Puiggener";"bda. de Can Puiggener";
"1486";"c.";"de";"Can Polit";"c. de Can Polit";
"1487";"pl.";"de";"Ca n'Oriac";"pl. de Ca n'Oriac";
"1488";"pl.";"de";"Can Piteu";"pl. de Can Piteu";
"1489";"c.";"del";"Canonge Joncar";"c. del Canonge Joncar";
"1490";"c.";"de";"Can Llobateres";"c. de Can Llobateres";
"1491";"c.";"de";"Can Julià Ferrer";"c. de Can Julià Ferrer";
"1492";"c.";"del";"Canigó";"c. del Canigó";
"1493";"pl.";"de";"Ca n'Hereu";"pl. de Ca n'Hereu";
"1494";"pg.";"de";"Can Feu";"pg. de Can Feu";
"1495";"pl.";"de";"Can Ferran";"pl. de Can Ferran";
"1496";"c.";"de";"Can Fadó";"c. de Can Fadó";
"1497";"c.";"de";"Canelles";"c. de Canelles";
"1498";"avda.";"de";"Can Deu";"avda. de Can Deu";
"1499";"c.";"de";"Can Cinto";"c. de Can Cinto";
"1500";"c.";"de";"Candanchú";"c. de Candanchú";
"1501";"c.";"de";"Can Camps";"c. de Can Camps";
"1502";"avda.";"de";"Can Bordoll";"avda. de Can Bordoll";
"1503";"c.";"de";"Ca n'Alzina";"c. de Ca n'Alzina";
"1504";"c.";"del";"Canadà";"c. del Canadà";
"1505";"c.";"de";"Campoamor";"c. de Campoamor";
"1506";"pl.";"de";"Cambó";"pl. de Cambó";
"1507";"c.";"de";"Camarasa";"c. de Camarasa";
"1508";"c.";"de";"Calvet d'Estrella";"c. de Calvet d'Estrella";
"1509";"pg.";"de";"Cal Jepó";"pg. de Cal Jepó";
"1510";"ctra.";"de";"Caldes";"ctra. de Caldes";
"1511";"c.";"dels";"Calders";"c. dels Calders";
"1512";"c.";"de";"Calderón";"c. de Calderón";
"1513";"c.";"de";"Calassanç Duran";"c. de Calassanç Duran";
"1514";"c.";"de la";"Cala";"c. de la Cala";
"1515";"c.";"del";"Cadí";"c. del Cadí";
"1516";"ptge.";"de";"Cabrera";"ptge. de Cabrera";
"1517";"c.";"de";"Cabanyes";"c. de Cabanyes";
"1518";"c.";"de";"Cabdella";"c. de Cabdella";
"1520";"c.";"de";"Buxeda";"c. de Buxeda";
"1521";"c.";"de";"Bujaruelo";"c. de Bujaruelo";
"1522";"c.";"de";"Buenos Aires";"c. de Buenos Aires";
"1523";"c.";"de";"Budapest";"c. de Budapest";
"1524";"c.";"de";"Brutau";"c. de Brutau";
"1525";"c.";"de";"Prato";"c. de Prato";
"1526";"c.";"de";"Brujas";"c. de Brujas";
"1527";"c.";"del";"Bruc";"c. del Bruc";
"1436";"c.";"de";"Clavé";"c. de Clavé";
"1437";"c.";"del";"Claustre";"c. del Claustre";
"1438";"c.";"de";"Claudià";"c. de Claudià";
"1439";"c.";"de";"Ciutat del Cap";"c. de Ciutat del Cap";
"1440";"camí";"de la";"Ciutat";"camí de la Ciutat";
"1441";"c.";"de la";"Cisa";"c. de la Cisa";
"1442";"c.";"de";"Ciceró";"c. de Ciceró";
"1443";"c.";"de";"Chopin";"c. de Chopin";
"1444";"c.";"de";"Cèsar Torras";"c. de Cèsar Torras";
"1445";"c.";"de";"Cervantes";"c. de Cervantes";
"1446";"c.";"de";"Cerdanyola";"c. de Cerdanyola";
"1447";"c.";"de la";"Cerdanya";"c. de la Cerdanya";
"1448";"parc";"";"Central del Vallès";"parc  Central del Vallès";
"1449";"c.";"dels";"Celtibers";"c. dels Celtibers";
"1450";"c.";"de";"Cellers";"c. de Cellers";
"1451";"c.";"de";"Cebrià Cabané";"c. de Cebrià Cabané";
"1452";"c.";"de";"Cavallers";"c. de Cavallers";
"1453";"c.";"del";"Caucas";"c. del Caucas";
"1454";"c.";"de";"Catul";"c. de Catul";
"1455";"c.";"de";"Cató";"c. de Cató";
"1456";"pl.";"de";"Catalunya";"pl. de Catalunya";
"1457";"parc";"de";"Catalunya";"parc de Catalunya";
"1458";"c.";"de";"Castellar del Vallès";"c. de Castellar del Vallès";
"1459";"pl.";"de";"Castelao";"pl. de Castelao";
"1460";"pl.";"dels";"Castanyers";"pl. dels Castanyers";
"1461";"c.";"de";"Casp";"c. de Casp";
"1462";"c.";"de";"Casanovas i Bosch";"c. de Casanovas i Bosch";
"1463";"c.";"de";"Cartago";"c. de Cartago";
"1464";"pl.";"de";"Carrasco i Formiguera";"pl. de Carrasco i Formiguera";
"1465";"pl.";"de";"Carme Montoriol";"pl. de Carme Montoriol";
"1466";"c.";"del";"Carme";"c. del Carme";
"1467";"ptge.";"de";"Carles V";"ptge. de Carles V";
"1468";"c.";"de";"Carles Riba";"c. de Carles Riba";
"1469";"c.";"de";"Caresmar";"c. de Caresmar";
"1470";"c.";"dels";"Cardona";"c. dels Cardona";
"1471";"c.";"dels";"Carders";"c. dels Carders";
"1472";"pl.";"del";"Cardener";"pl. del Cardener";
"1473";"c.";"del";"Cardener";"c. del Cardener";
"1474";"c.";"de";"Carançà";"c. de Carançà";
"1475";"c.";"de";"Capri";"c. de Capri";
"1476";"c.";"de";"Capmany";"c. de Capmany";
"1477";"ptge.";"del";"Capitoli";"ptge. del Capitoli";
"1478";"c.";"de";"Can Viloca";"c. de Can Viloca";
"1479";"ptge.";"de";"Can Torres del Pla";"ptge. de Can Torres del Pla";
"1480";"c.";"de";"Can Salvi";"c. de Can Salvi";
"1481";"avda.";"de";"Can Roqueta";"avda. de Can Roqueta";
"1391";"c.";"de";"Costa i Deu";"c. de Costa i Deu";
"1392";"c.";"de les";"Cosidores";"c. de les Cosidores";
"1393";"pl.";"de les";"Corts Catalanes";"pl. de les Corts Catalanes";
"1394";"c.";"de";"Còrsega";"c. de Còrsega";
"1395";"c.";"del";"Corredor";"c. del Corredor";
"1396";"c.";"de";"Corones";"c. de Corones";
"1397";"c.";"de";"Corominas";"c. de Corominas";
"1398";"c.";"de";"Corneli Nepos";"c. de Corneli Nepos";
"1399";"pl.";"de";"Copèrnic";"pl. de Copèrnic";
"1400";"c.";"de";"Copenhaguen";"c. de Copenhaguen";
"1401";"c.";"del";"Convent";"c. del Convent";
"1402";"bosc";"de la";"Concòrdia";"bosc de la Concòrdia";
"1403";"c.";"de";"Constantí";"c. de Constantí";
"1404";"c.";"de la";"Constància";"c. de la Constància";
"1405";"pl.";"del";"Cònsol Oromir";"pl. del Cònsol Oromir";
"1406";"pl.";"de";"Conrad Crespí";"pl. de Conrad Crespí";
"1407";"c.";"de";"Conillera";"c. de Conillera";
"1408";"c.";"del";"Congost";"c. del Congost";
"1409";"pl.";"de la";"Concòrdia";"pl. de la Concòrdia";
"1410";"avda.";"de la";"Concòrdia";"avda. de la Concòrdia";
"1411";"c.";"de";"Concha Espina";"c. de Concha Espina";
"1412";"c.";"de";"Concepción Arenal";"c. de Concepción Arenal";
"1414";"c.";"de la";"Concepció";"c. de la Concepció";
"1415";"c.";"dels";"Comtes";"c. dels Comtes";
"1416";"c.";"del";"Comte Ramon Berenguer";"c. del Comte Ramon Berenguer";
"1417";"c.";"del";"Comte Jofre";"c. del Comte Jofre";
"1418";"c.";"del";"Comte d'Urgell";"c. del Comte d'Urgell";
"1419";"c.";"del";"Comte de Reus";"c. del Comte de Reus";
"1420";"pl.";"";"Comtal";"pl.  Comtal";
"1421";"pg.";"del";"Comerç";"pg. del Comerç";
"1422";"c.";"de les";"Comèdies";"c. de les Comèdies";
"1423";"ptge.";"de les";"Columbretes";"ptge. de les Columbretes";
"1424";"c.";"de";"Colomers";"c. de Colomers";
"1425";"c.";"de";"Colòmbia";"c. de Colòmbia";
"1426";"ptge.";"de";"Colom";"ptge. de Colom";
"1427";"c.";"de";"Colom";"c. de Colom";
"1428";"c.";"de";"Collserola";"c. de Collserola";
"1429";"rda.";"de";"Collsalarca";"rda. de Collsalarca";
"1430";"c.";"del";"Collell";"c. del Collell";
"1431";"bda.";"de la";"Cobertera";"bda. de la Cobertera";
"1432";"ptge.";"de";"Clementina Arderiu";"ptge. de Clementina Arderiu";
"1433";"c.";"de";"Clemència Isaura";"c. de Clemència Isaura";
"1434";"c.";"dels";"Clavells";"c. dels Clavells";
"1435";"ptge.";"de";"Clavé";"ptge. de Clavé";
"1347";"c.";"de";"Domènec Tort";"c. de Domènec Tort";
"1348";"c.";"de";"Domènech i Montaner";"c. de Domènech i Montaner";
"1349";"jardí";"de";"Dolors Monserdà";"jardí de Dolors Monserdà";
"1350";"pl.";"de";"Dolors Miralles";"pl. de Dolors Miralles";
"1351";"pl.";"dels";"Dolors";"pl. dels Dolors";
"1352";"pl.";"de";"Dolores Ibárruri";"pl. de Dolores Ibárruri";
"1353";"c.";"del";"Doctor Xercavins";"c. del Doctor Xercavins";
"1354";"pl.";"dels";"Doctors Banting i Best";"pl. dels Doctors Banting i Best";
"1355";"c.";"del";"Doctor Roges";"c. del Doctor Roges";
"1356";"pl.";"del";"Doctor Robert";"pl. del Doctor Robert";
"1357";"c.";"del";"Doctor Relat";"c. del Doctor Relat";
"1358";"c.";"del";"Doctor Pujades";"c. del Doctor Pujades";
"1359";"c.";"del";"Doctor Puig";"c. del Doctor Puig";
"1360";"c.";"del";"Doctor Mata";"c. del Doctor Mata";
"1361";"ptge.";"del";"Doctor Llonch";"ptge. del Doctor Llonch";
"1362";"c.";"del";"Doctor Gimbernat";"c. del Doctor Gimbernat";
"1363";"c.";"del";"Doctor Crehueras";"c. del Doctor Crehueras";
"1364";"c.";"del";"Doctor Codina";"c. del Doctor Codina";
"1365";"c.";"del";"Doctor Bedós";"c. del Doctor Bedós";
"1366";"c.";"del";"Doctor Balcells";"c. del Doctor Balcells";
"1367";"c.";"del";"Doctor Balari";"c. del Doctor Balari";
"1368";"c.";"del";"Doctor Almera";"c. del Doctor Almera";
"1369";"c.";"de la";"Divina Comèdia";"c. de la Divina Comèdia";
"1370";"raval";"de";"Dins";"raval de Dins";
"1371";"c.";"de";"Dinarès";"c. de Dinarès";
"1372";"illa";" ";"Digna";"illa   Digna";
"1373";"c.";"de";"Diego de Almagro";"c. de Diego de Almagro";
"1374";"c.";"de";"Demòstenes";"c. de Demòstenes";
"1375";"c.";"de";"Daoíz";"c. de Daoíz";
"1376";"c.";"de";"Dant";"c. de Dant";
"1377";"c.";"de";"Daniel Molina";"c. de Daniel Molina";
"1378";"c.";"de";"Damià Forment";"c. de Damià Forment";
"1379";"c.";"de les";"Dàlies";"c. de les Dàlies";
"1381";"c.";"de";"Curial e Güelfa";"c. de Curial e Güelfa";
"1382";"c.";"de";"Cuba";"c. de Cuba";
"1383";"pl.";"de";"Cristóbal Ramos";"pl. de Cristóbal Ramos";
"1384";"c.";"de la";"Creueta";"c. de la Creueta";
"1385";"pl.";"de la";"Creu de Barberà";"pl. de la Creu de Barberà";
"1386";"pl.";"de la";"Creu Alta";"pl. de la Creu Alta";
"1387";"c.";"de";"Covilha";"c. de Covilha";
"1388";"c.";"de";"Covadonga";"c. de Covadonga";
"1389";"c.";"de";"Costabona";"c. de Costabona";
"1390";"c.";"de";"Costa i Llobera";"c. de Costa i Llobera";
"1301";"c.";"de l'";"Estació";"c. de l' Estació";
"1303";"pg.";"d'";"Espronceda";"pg. d' Espronceda";
"1304";"pl.";"de l'";"Esplai";"pl. de l' Esplai";
"1305";"c.";"de l'";"Espirall";"c. de l' Espirall";
"1306";"c.";"de l'";"Espigó";"c. de l' Espigó";
"1307";"c.";"de l'";"Esperança";"c. de l' Esperança";
"1308";"pl.";"d'";"Espanya";"pl. d' Espanya";
"1309";"c.";"d'";"Esmirna";"c. d' Esmirna";
"1310";"c.";"d'";"Eslava";"c. d' Eslava";
"1311";"c.";"de l'";"Església Romànica";"c. de l' Església Romànica";
"1312";"trv.";"de l'";"Església";"trv. de l' Església";
"1313";"c.";"de l'";"Església";"c. de l' Església";
"1314";"pl.";"de l'";"Escorxador";"pl. de l' Escorxador";
"1315";"ptge.";"de les";"Escoles";"ptge. de les Escoles";
"1316";"c.";"de l'";"Escola Pia";"c. de l' Escola Pia";
"1317";"c.";"de l'";"Escola Industrial";"c. de l' Escola Industrial";
"1318";"c.";"d'";"Escipió";"c. d' Escipió";
"1319";"pl.";"de les";"Escaldes-Engordany";"pl. de les Escaldes-Engordany";
"1320";"pl.";"d'";"Envalira";"pl. d' Envalira";
"1321";"pl.";"d'";"Entrepeñas";"pl. d' Entrepeñas";
"1322";"c.";"d'";"Entrepeñas";"c. d' Entrepeñas";
"1323";"pl.";"d'";"Enric Morera";"pl. d' Enric Morera";
"1324";"ptge.";"de l'";"Enginyer Playà";"ptge. de l' Enginyer Playà";
"1325";"c.";"de l'";"Enginyer Playà";"c. de l' Enginyer Playà";
"1326";"c.";"d'";"Empúries";"c. d' Empúries";
"1327";"c.";"dels";"Emprius";"c. dels Emprius";
"1328";"c.";"de l'";"Empordà";"c. de l' Empordà";
"1329";"c.";"d'";"Elcano";"c. d' Elcano";
"1330";"c.";"d'";"Elba";"c. d' Elba";
"1331";"c.";"d'";"Eivissa";"c. d' Eivissa";
"1332";"c.";"d'";"Einstein";"c. d' Einstein";
"1333";"avda.";"d'";"Egara";"avda. d' Egara";
"1334";"c.";"d'";"Eduard Brossa";"c. d' Eduard Brossa";
"1335";"c.";"d'";"Edimburg";"c. d' Edimburg";
"1336";"ptge.";"d'";"Edgardo Ricetti";"ptge. d' Edgardo Ricetti";
"1337";"rda.";"de l'";"Ebre";"rda. de l' Ebre";
"1338";"ptge.";"de l'";"Ebre";"ptge. de l' Ebre";
"1339";"c.";"de";"Duran i Sors";"c. de Duran i Sors";
"1340";"c.";"del";"Duero";"c. del Duero";
"1341";"c.";"del";"Duc de Gandia";"c. del Duc de Gandia";
"1342";"c.";"de";"Dublín";"c. de Dublín";
"1343";"c.";"dels";"Drapaires";"c. dels Drapaires";
"1344";"ptge.";"de sa";"Dragonera";"ptge. de sa Dragonera";
"1345";"pg.";"del";"Dos de Maig";"pg. del Dos de Maig";
"1346";"pl.";"de les";"Dones";"pl. de les Dones";
"1256";"c.";"d'en";"Font";"c. d'en Font";
"1257";"c.";"de";"Folch i Torres";"c. de Folch i Torres";
"1258";"ptge.";"de";"Foix";"ptge. de Foix";
"1259";"c.";"del";"Fluvià";"c. del Fluvià";
"1260";"c.";"";"Florit";"c.  Florit";
"1261";"pg.";"de";"Fleming";"pg. de Fleming";
"1262";"c.";"de";"Flavi";"c. de Flavi";
"1263";"trv.";"del";"Flamicell";"trv. del Flamicell";
"1264";"c.";"del";"Flamicell";"c. del Flamicell";
"1265";"pl.";"de";"Fiveller";"pl. de Fiveller";
"1266";"c.";"de";"Fiveller";"c. de Fiveller";
"1267";"pl.";"de les";"Filipines";"pl. de les Filipines";
"1268";"c.";"dels";"Filadors";"c. dels Filadors";
"1269";"c.";"de la";"Fidelitat";"c. de la Fidelitat";
"1270";"pl.";"de";"Fidela Renom";"pl. de Fidela Renom";
"1271";"c.";"de";"Ferrer i Vidal";"c. de Ferrer i Vidal";
"1272";"c.";"de";"Ferrer i Guàrdia";"c. de Ferrer i Guàrdia";
"1273";"c.";"de";"Ferrer de Blanes";"c. de Ferrer de Blanes";
"1274";"ptge.";"de";"Ferran Llàcer";"ptge. de Ferran Llàcer";
"1275";"c.";"de";"Ferran Casablancas";"c. de Ferran Casablancas";
"1276";"c.";"de";"Fernando Poo";"c. de Fernando Poo";
"1277";"c.";"de";"Fernán Caballero";"c. de Fernán Caballero";
"1278";"ptge.";"dels";"Fenicis";"ptge. dels Fenicis";
"1279";"c.";"de";"Fèlix Amat";"c. de Fèlix Amat";
"1280";"ptge.";"de";"Feliu Pla";"ptge. de Feliu Pla";
"1281";"c.";"de";"Feliu Elias";"c. de Feliu Elias";
"1282";"c.";"de";"Feliu de la Penya";"c. de Feliu de la Penya";
"1283";"c.";"de";"Felip Pedrell";"c. de Felip Pedrell";
"1284";"c.";"de";"Felip Benessat";"c. de Felip Benessat";
"1285";"c.";"de";"Feijoo";"c. de Feijoo";
"1286";"via";" ";"Favència";"via   Favència";
"1287";"c.";"dels";"Fatxendes";"c. dels Fatxendes";
"1288";"c.";"de";"Fatjó";"c. de Fatjó";
"1289";"c.";"de";"Fàtima";"c. de Fàtima";
"1290";"pl.";"del";"Farell";"pl. del Farell";
"1291";"c.";"del";"Far";"c. del Far";
"1292";"c.";"de la";"Fàbrica dels Nois Buxó";"c. de la Fàbrica dels Nois Buxó";
"1293";"ptge.";"de l'";"Estudi";"ptge. de l' Estudi";
"1294";"c.";"de l'";"Estrella";"c. de l' Estrella";
"1295";"rda.";"d'";"Europa";"rda. d' Europa";
"1296";"avda.";"d'";"Estrasburg";"avda. d' Estrasburg";
"1297";"c.";"d'";"Esteve Paluzie";"c. d' Esteve Paluzie";
"1298";"c.";"de l'";"Estany Rodó";"c. de l' Estany Rodó";
"1299";"c.";"dels";"Estampadors";"c. dels Estampadors";
"1300";"c.";"de l'";"Estalvi";"c. de l' Estalvi";
"1211";"c.";"de";"Gambús";"c. de Gambús";
"1212";"ptge.";"de";"Gallifa";"ptge. de Gallifa";
"1213";"c.";"del";"Gállego";"c. del Gállego";
"1214";"pl.";"de";"Galileu";"pl. de Galileu";
"1215";"c.";"de";"Galceran de Pinós";"c. de Galceran de Pinós";
"1216";"pl.";"de";"Gabriel Pujol";"pl. de Gabriel Pujol";
"1217";"c.";"del";"Gaià";"c. del Gaià";
"1218";"pl.";"de";"Gabriel Morvay";"pl. de Gabriel Morvay";
"1219";"c.";"de";"Gabriel Ferrater";"c. de Gabriel Ferrater";
"1220";"c.";"de";"Fuerteventura";"c. de Fuerteventura";
"1221";"pl.";"de la";"Fuensanta";"pl. de la Fuensanta";
"1222";"c.";"del";"Freser";"c. del Freser";
"1223";"pl.";"de";"Frederica Montseny";"pl. de Frederica Montseny";
"1224";"c.";"de";"Frederic Soler";"c. de Frederic Soler";
"1225";"c.";"de";"Frederic Rahola";"c. de Frederic Rahola";
"1226";"pl.";"de";"Frederic Mompou";"pl. de Frederic Mompou";
"1227";"c.";"de";"Frederic Mistral";"c. de Frederic Mistral";
"1228";"ptge.";"de";"Fraser Lawton";"ptge. de Fraser Lawton";
"1229";"c.";"de";"Fraser Lawton";"c. de Fraser Lawton";
"1230";"c.";"del";"Francolí";"c. del Francolí";
"1231";"avda.";"de";"Francesc Trabal";"avda. de Francesc Trabal";
"1232";"c.";"de";"Francesc Sabaté";"c. de Francesc Sabaté";
"1233";"avda.";"de";"Francesc Macià";"avda. de Francesc Macià";
"1234";"c.";"de";"Francesc Layret";"c. de Francesc Layret";
"1235";"c.";"de";"Francesc Izard";"c. de Francesc Izard";
"1236";"c.";"de";"Francesc Gimeno";"c. de Francesc Gimeno";
"1237";"c.";"de";"Francesc Eiximenis";"c. de Francesc Eiximenis";
"1238";"c.";"de";"Francesc Casañas";"c. de Francesc Casañas";
"1239";"c.";"de";"Francesc Bellapart";"c. de Francesc Bellapart";
"1240";"c.";"de";"Fra Luis de León";"c. de Fra Luis de León";
"1241";"c.";"de";"Fra Juníper Serra";"c. de Fra Juníper Serra";
"1242";"c.";"de";"Fra Batlle";"c. de Fra Batlle";
"1243";"c.";"de";"Fra Angelico";"c. de Fra Angelico";
"1244";"c.";"del";"Forn";"c. del Forn";
"1245";"c.";"de";"Formentera";"c. de Formentera";
"1246";"pl.";"del";"Forjador";"pl. del Forjador";
"1247";"c.";"de la";"Forcanada";"c. de la Forcanada";
"1248";"raval";"de";"Fora";"raval de Fora";
"1249";"c.";"de la";"Font Nova";"c. de la Font Nova";
"1250";"c.";"de";"Font i Sagué";"c. de Font i Sagué";
"1251";"c.";"de la";"Font Canaleta";"c. de la Font Canaleta";
"1252";"c.";"de la";"Fontcalda";"c. de la Fontcalda";
"1253";"c.";"de";"Fontanet";"c. de Fontanet";
"1254";"pl.";"de";"Fontanella";"pl. de Fontanella";
"1255";"c.";"de";"Fontanella";"c. de Fontanella";
"1165";"c.";"de";"Gustavo Adolfo Bécquer";"c. de Gustavo Adolfo Bécquer";
"1166";"c.";"de";"Gurrea";"c. de Gurrea";
"1167";"c.";"de les";"Guilleries";"c. de les Guilleries";
"1168";"c.";"del";"Guerriller Alzina";"c. del Guerriller Alzina";
"1169";"c.";"de";"Güell i Ferrer";"c. de Güell i Ferrer";
"1170";"ptge.";"de";"Guanta";"ptge. de Guanta";
"1171";"c.";"del";"Guadiana";"c. del Guadiana";
"1172";"c.";"de";"Guadarrama";"c. de Guadarrama";
"1173";"rda.";"de";"Guadalupe";"rda. de Guadalupe";
"1174";"c.";"del";"Guadalquivir";"c. del Guadalquivir";
"1175";"ptge.";"del";"Guadalete";"ptge. del Guadalete";
"1176";"pl.";"";"Gremial";"pl.  Gremial";
"1177";"c.";"de";"Gredos";"c. de Gredos";
"1178";"c.";"del";"Greco";"c. del Greco";
"1179";"ptge.";"de";"Grècia";"ptge. de Grècia";
"1180";"ptge.";"de la";"Granja del Pas";"ptge. de la Granja del Pas";
"1181";"c.";"de";"Gran Canària";"c. de Gran Canària";
"1182";"pl.";"de";"Granados";"pl. de Granados";
"1183";"pl.";"de";"Granada";"pl. de Granada";
"1184";"c.";"de";"Gràcia";"c. de Gràcia";
"1185";"c.";"de";"Goya";"c. de Goya";
"1186";"c.";"de";"Gorina i Pujol";"c. de Gorina i Pujol";
"1187";"c.";"de";"Góngora";"c. de Góngora";
"1188";"c.";"de la";"Gomera";"c. de la Gomera";
"1189";"c.";"de";"Goethe";"c. de Goethe";
"1190";"c.";"del";"Gironès";"c. del Gironès";
"1191";"c.";"de";"Girona";"c. de Girona";
"1192";"c.";"de la";"Ginesta";"c. de la Ginesta";
"1193";"c.";"de";"Gibraltar";"c. de Gibraltar";
"1194";"ptge.";"de";"Gertrudis Artigas";"ptge. de Gertrudis Artigas";
"1195";"c.";"dels";"Germans Farguell";"c. dels Germans Farguell";
"1196";"c.";"de la";"Germanor";"c. de la Germanor";
"1197";"c.";"dels";"Geranis";"c. dels Geranis";
"1198";"jardinets";"dels";"Gegants de Gràcia";"jardinets dels Gegants de Gràcia";
"1199";"c.";"de la";"Gavina";"c. de la Gavina";
"1200";"pg.";"de";"Gaudí";"pg. de Gaudí";
"1201";"pl.";"del";"Gas";"pl. del Gas";
"1202";"c.";"de la";"Garrotxa";"c. de la Garrotxa";
"1203";"c.";"de les";"Garrigues";"c. de les Garrigues";
"1204";"c.";"de";"Garraf";"c. de Garraf";
"1205";"pl.";"de la";"Garona";"pl. de la Garona";
"1206";"c.";"de la";"Garona";"c. de la Garona";
"1207";"c.";"de";"Garcilaso";"c. de Garcilaso";
"1209";"c.";"de";"García Lorca";"c. de García Lorca";
"1210";"c.";"de";"Gandhi";"c. de Gandhi";
"1120";"ptge.";"de";"Joan XXIII";"ptge. de Joan XXIII";
"1121";"pl.";"de";"Joan Vilatobà";"pl. de Joan Vilatobà";
"1122";"pl.";"de";"Joan Timoneda";"pl. de Joan Timoneda";
"1123";"c.";"de";"Johann Sebastian Bach";"c. de Johann Sebastian Bach";
"1124";"c.";"de";"Joan Sallent";"c. de Joan Sallent";
"1125";"pl.";"de";"Joan Morral";"pl. de Joan Morral";
"1126";"c.";"de";"Joan Maragall";"c. de Joan Maragall";
"1127";"c.";"de";"Joan Llongueras";"c. de Joan Llongueras";
"1128";"pl.";"de";"Joan Fuster";"pl. de Joan Fuster";
"1129";"pl.";"de";"Joan Coromines";"pl. de Joan Coromines";
"1130";"c.";"de";"Joan Clavell";"c. de Joan Clavell";
"1131";"pl.";"de";"Joan Brossa";"pl. de Joan Brossa";
"1132";"c.";"de";"Joan Boscà";"c. de Joan Boscà";
"1133";"c.";"de";"Joan Bartomeu";"c. de Joan Bartomeu";
"1134";"c.";"de";"Joan Balart";"c. de Joan Balart";
"1135";"c.";"de";"Joan Amades";"c. de Joan Amades";
"1136";"pl.";"de";"Joan Alsina";"pl. de Joan Alsina";
"1137";"c.";"de";"Joan Alcover";"c. de Joan Alcover";
"1138";"c.";"de";"Jesús";"c. de Jesús";
"1139";"pl.";"de";"Jean Piaget";"pl. de Jean Piaget";
"1140";"pl.";"de";"Jaume Viladoms";"pl. de Jaume Viladoms";
"1141";"c.";"de";"Jaume Ninet";"c. de Jaume Ninet";
"1142";"c.";"de";"Jaume I";"c. de Jaume I";
"1143";"c.";"de";"Jaume Huguet";"c. de Jaume Huguet";
"1144";"pl.";"de";"Jaume Girabau";"pl. de Jaume Girabau";
"1145";"c.";"del";"Jardí";"c. del Jardí";
"1146";"c.";"de";"Jacquard";"c. de Jacquard";
"1147";"c.";"de";"Jacint Verdaguer";"c. de Jacint Verdaguer";
"1148";"c.";"d'";"Ivars d'Urgell";"c. d' Ivars d'Urgell";
"1149";"pl.";"de";"Madrid";"pl. de Madrid";
"1150";"c.";"d'";"Irlanda";"c. d' Irlanda";
"1151";"c.";"de la";"Indústria";"c. de la Indústria";
"1152";"pl.";"d'";"Indíbil i Mandoni";"pl. d' Indíbil i Mandoni";
"1153";"c.";"de la";"Independència";"c. de la Independència";
"1154";"pl.";"de les";"Illes Cíes";"pl. de les Illes Cíes";
"1155";"c.";"de l'";"Illa";"c. de l' Illa";
"1156";"ptge.";"d'";"Ignasi Iglésias";"ptge. d' Ignasi Iglésias";
"1157";"rbla.";"d'";"Ibèria";"rbla. d' Ibèria";
"1158";"pl.";"d'";"Hostafrancs";"pl. d' Hostafrancs";
"1159";"c.";"de les";"Hortènsies";"c. de les Hortènsies";
"1160";"c.";"de l'";"Horta Novella";"c. de l' Horta Novella";
"1161";"c.";"d'";"Horta";"c. d' Horta";
"1162";"c.";"d'";"Homer";"c. d' Homer";
"1163";"c.";"de l'";"Himàlaia";"c. de l' Himàlaia";
"1164";"c.";"d'";"Herculà";"c. d' Herculà";
"1075";"c.";"de";"Lanós";"c. de Lanós";
"1076";"c.";"de La";"Palma";"c. de La Palma";
"1077";"ptge.";"de la";"Mirada";"ptge. de la Mirada";
"1078";"pl.";"";"Laietana";"pl.  Laietana";
"1079";"ptge.";"de la";"Font del Saüc";"ptge. de la Font del Saüc";
"1080";"c.";"de";"Lacy";"c. de Lacy";
"1081";"ptge.";"de la";"Colla de Sabadell";"ptge. de la Colla de Sabadell";
"1082";"c.";"de la";"Baldona";"c. de la Baldona";
"1083";"pl.";"de";"Karl Marx";"pl. de Karl Marx";
"1085";"c.";"de";"Juvenal";"c. de Juvenal";
"1086";"c.";"de la";"Justícia";"c. de la Justícia";
"1087";"c.";"del";"Jura";"c. del Jura";
"1088";"c.";"de";"Júpiter";"c. de Júpiter";
"1089";"c.";"de";"Julián Grimau";"c. de Julián Grimau";
"1090";"via";" ";"Júlia";"via   Júlia";
"1091";"c.";"de";"Juli Garreta";"c. de Juli Garreta";
"1092";"c.";"de";"Jules Verne";"c. de Jules Verne";
"1093";"c.";"de";"Juan Valera";"c. de Juan Valera";
"1094";"c.";"de";"Jovellanos";"c. de Jovellanos";
"1095";"pl.";"de";"Josep Rosell";"pl. de Josep Rosell";
"1096";"c.";"de";"Josep Renom";"c. de Josep Renom";
"1097";"c.";"de";"Josep Pla";"c. de Josep Pla";
"1098";"c.";"de";"Josep Miquel";"c. de Josep Miquel";
"1099";"pl.";"de";"Josep Masllovet";"pl. de Josep Masllovet";
"1100";"c.";"de";"Josep Maria Sert";"c. de Josep Maria Sert";
"1101";"c.";"de";"Josep Maria Quadrado";"c. de Josep Maria Quadrado";
"1102";"c.";"de";"Josep Guardiet";"c. de Josep Guardiet";
"1103";"pl.";"de";"Josep Esquirol";"pl. de Josep Esquirol";
"1104";"c.";"de";"Josep Esquirol";"c. de Josep Esquirol";
"1105";"c.";"de";"Josep Comas";"c. de Josep Comas";
"1106";"c.";"de";"Josep Carner";"c. de Josep Carner";
"1107";"c.";"de";"Josep Bruguera";"c. de Josep Bruguera";
"1108";"c.";"de";"Josep Aparici";"c. de Josep Aparici";
"1109";"pl.";"de";"Jonqueres";"pl. de Jonqueres";
"1110";"ptge.";"de";"Jonqueres";"ptge. de Jonqueres";
"1111";"c.";"de";"John Lennon";"c. de John Lennon";
"1112";"ptge.";"de";"Jonc";"ptge. de Jonc";
"1113";"pl.";"dels";"Jocs Florals";"pl. dels Jocs Florals";
"1114";"c.";"de";"Joaquín Costa";"c. de Joaquín Costa";
"1115";"c.";"de";"Joaquim Sorolla";"c. de Joaquim Sorolla";
"1116";"c.";"de";"Joaquim Ruyra";"c. de Joaquim Ruyra";
"1117";"c.";"de";"Joaquim Blume";"c. de Joaquim Blume";
"1118";"c.";"de";"Joanot Martorell";"c. de Joanot Martorell";
"1119";"c.";"de";"Joan Vinyoli i Pladevall";"c. de Joan Vinyoli i Pladevall";
"1029";"c.";"de";"Lucà";"c. de Lucà";
"1030";"c.";"de";"Louis Braille";"c. de Louis Braille";
"1031";"c.";"de";"Lo Somni";"c. de Lo Somni";
"1032";"c.";"de";"Loreto";"c. de Loreto";
"1033";"c.";"de";"Lope de Vega";"c. de Lope de Vega";
"1034";"c.";"de";"Logronyo";"c. de Logronyo";
"1035";"c.";"de";"Lodz";"c. de Lodz";
"1036";"c.";"de la";"Lluna";"c. de la Lluna";
"1037";"c.";"de";"Llum de la Selva";"c. de Llum de la Selva";
"1038";"c.";"de";"Lluís Vives";"c. de Lluís Vives";
"1039";"c.";"de";"Lluís Parcerisa";"c. de Lluís Parcerisa";
"1040";"pl.";"de";"Lluís Papell";"pl. de Lluís Papell";
"1041";"ptge.";"de";"Lluís Mimó";"ptge. de Lluís Mimó";
"1042";"c.";"de";"Lluís Millet";"c. de Lluís Millet";
"1043";"pl.";"de";"Lluís Mas";"pl. de Lluís Mas";
"1044";"c.";"de";"Lluís Dalmau";"c. de Lluís Dalmau";
"1045";"c.";"de";"Lluís Creus";"c. de Lluís Creus";
"1046";"avda.";"de";"Lluís Companys";"avda. de Lluís Companys";
"1047";"pl.";"de";"Lluís Casassas";"pl. de Lluís Casassas";
"1048";"c.";"de";"Lluís Carreras";"c. de Lluís Carreras";
"1049";"c.";"de";"Lluís";"c. de Lluís";
"1050";"c.";"del";"Lluçanès";"c. del Lluçanès";
"1051";"c.";"de";"Lluc";"c. de Lluc";
"1052";"pl.";"dels";"Llorers";"pl. dels Llorers";
"1053";"pl.";"de";"Llonch i Salas";"pl. de Llonch i Salas";
"1054";"c.";"de";"Llonch";"c. de Llonch";
"1055";"c.";"del";"Llobregat";"c. del Llobregat";
"1056";"c.";"de";"Llobet i Gràcia";"c. de Llobet i Gràcia";
"1057";"c.";"de";"Llobet";"c. de Llobet";
"1058";"pl.";"de";"Llívia";"pl. de Llívia";
"1059";"c.";"dels";"Lliris";"c. dels Lliris";
"1060";"pl.";"de la";"Llibertat";"pl. de la Llibertat";
"1061";"c.";"de";"Lles";"c. de Lles";
"1062";"c.";"del";"Llenguadoc";"c. del Llenguadoc";
"1063";"pl.";"dels";"Lledoners";"pl. dels Lledoners";
"1064";"c.";"de la";"Llebreta";"c. de la Llebreta";
"1065";"c.";"de la";"Llanera";"c. de la Llanera";
"1066";"c.";"de";"Llaberia";"c. de Llaberia";
"1067";"c.";"de";"Liorna";"c. de Liorna";
"1068";"pl.";"de";"Lisboa";"pl. de Lisboa";
"1069";"c.";"de";"Lepant";"c. de Lepant";
"1070";"c.";"de";"Leovigild";"c. de Leovigild";
"1071";"c.";"de";"Leonardo da Vinci";"c. de Leonardo da Vinci";
"1072";"c.";"de";"Latorre";"c. de Latorre";
"1073";"c.";"de Las";"Navas";"c. de Las Navas";
"1074";"c.";"de";"Larra";"c. de Larra";
"984";"rda.";"de";"Maria Gispert";"rda. de Maria Gispert";
"985";"c.";"de";"Marià Fortuny";"c. de Marià Fortuny";
"986";"c.";"de";"Maria de Bell-lloc";"c. de Maria de Bell-lloc";
"987";"c.";"de";"Maria Antònia Salvà";"c. de Maria Antònia Salvà";
"988";"c.";"de";"Marià Aguiló";"c. de Marià Aguiló";
"989";"c.";"de";"Margenat";"c. de Margenat";
"990";"c.";"de";"Margarit";"c. de Margarit";
"991";"pl.";"de";"Margarida Xirgu";"pl. de Margarida Xirgu";
"992";"c.";"de les";"Mares de la Plaça de Maig";"c. de les Mares de la Plaça de Maig";
"993";"c.";"de la";"Mare de les Aigües";"c. de la Mare de les Aigües";
"994";"c.";"de la";"Mare de Déu de les Neus";"c. de la Mare de Déu de les Neus";
"995";"ptge.";"de";"Marco Polo";"ptge. de Marco Polo";
"996";"c.";"de";"Marcial";"c. de Marcial";
"997";"c.";"de";"Marcel·lí Massana";"c. de Marcel·lí Massana";
"998";"pl.";"de la";"Marca Hispànica";"pl. de la Marca Hispànica";
"999";"c.";"de";"Marçal Ballús";"c. de Marçal Ballús";
"1000";"c.";"de";"Mark Twain";"c. de Mark Twain";
"1001";"pl.";"del";"Mar";"pl. del Mar";
"1002";"c.";"dels";"Manyans";"c. dels Manyans";
"1003";"c.";"de";"Manuel de Pedrolo";"c. de Manuel de Pedrolo";
"1004";"c.";"de";"Manuel Folguera";"c. de Manuel Folguera";
"1005";"c.";"de";"Manuel de Falla";"c. de Manuel de Falla";
"1006";"c.";"de";"Manso";"c. de Manso";
"1007";"pg.";"de";"Manresa";"pg. de Manresa";
"1008";"c.";"de";"Manaut";"c. de Manaut";
"1009";"c.";"de";"Malta";"c. de Malta";
"1010";"pl.";"de";"Malniu";"pl. de Malniu";
"1011";"c.";"de";"Mallorca";"c. de Mallorca";
"1012";"c.";"de la";"Maladeta";"c. de la Maladeta";
"1013";"c.";"";"Major";"c.  Major";
"1014";"c.";"de les";"Magnòlies";"c. de les Magnòlies";
"1015";"illa";" ";"Magna";"illa   Magna";
"1016";"pl.";"de";"Magdalena Calonge";"pl. de Magdalena Calonge";
"1017";"pl.";"de";"Magí Marcé";"pl. de Magí Marcé";
"1018";"c.";"de";"Magí Colet";"c. de Magí Colet";
"1019";"c.";"de";"Magallanes";"c. de Magallanes";
"1020";"c.";"del";"Maestrat";"c. del Maestrat";
"1021";"c.";"de";"Madrazo";"c. de Madrazo";
"1022";"c.";"de la";"Macarena";"c. de la Macarena";
"1023";"c.";"de";"Luthuli";"c. de Luthuli";
"1024";"c.";"de";"Luther King";"c. de Luther King";
"1025";"c.";"de la";"Lusitània";"c. de la Lusitània";
"1026";"c.";"de";"Lurdes";"c. de Lurdes";
"1027";"c.";"de";"Luján";"c. de Luján";
"1028";"c.";"de";"Lucreci";"c. de Lucreci";
"939";"pl.";"del";"Mil·lenari";"pl. del Mil·lenari";
"940";"c.";"de";"Milena Jesenská";"c. de Milena Jesenská";
"941";"c.";"de";"Milà i Fontanals";"c. de Milà i Fontanals";
"942";"c.";"de";"Migdia";"c. de Migdia";
"943";"c.";"de";"Mèxic";"c. de Mèxic";
"944";"c.";"del";"Metge Mir";"c. del Metge Mir";
"945";"c.";"del";"Mestre Rius";"c. del Mestre Rius";
"946";"pl.";"del";"Mestre Planas";"pl. del Mestre Planas";
"947";"pl.";"del";"Mestre Olivella";"pl. del Mestre Olivella";
"948";"pl.";"del";"Mestre";"pl. del Mestre";
"949";"pgon.";"dels";"Merinals";"pgon. dels Merinals";
"950";"pl.";"dels";"Merinals";"pl. dels Merinals";
"951";"c.";"de";"Mercuri";"c. de Mercuri";
"952";"c.";"de";"Mercè Rodoreda";"c. de Mercè Rodoreda";
"953";"c.";"de la";"Mercè";"c. de la Mercè";
"954";"pl.";"del";"Mercat";"pl. del Mercat";
"955";"c.";"de";"Meranges";"c. de Meranges";
"956";"c.";"de";"Menorca";"c. de Menorca";
"957";"c.";"de";"Melbourne";"c. de Melbourne";
"958";"pl.";"dels";"Mèdici";"pl. dels Mèdici";
"959";"pl.";"de les";"Medes";"pl. de les Medes";
"960";"c.";"de";"Medellín";"c. de Medellín";
"961";"c.";"de";"Mauritània";"c. de Mauritània";
"962";"c.";"de";"Mauberme";"c. de Mauberme";
"963";"c.";"de";"Maty Mont";"c. de Maty Mont";
"964";"ctra.";"de";"Matadepera";"ctra. de Matadepera";
"965";"avda.";"de";"Matadepera";"avda. de Matadepera";
"966";"via";"de";"Massagué";"via de Massagué";
"967";"ptge.";"de la";"Masia de Can Borgonyó";"ptge. de la Masia de Can Borgonyó";
"968";"c.";"del";"Mas Ferriol";"c. del Mas Ferriol";
"969";"c.";"del";"Mas Carbó";"c. del Mas Carbó";
"970";"c.";"del";"Mas Canals";"c. del Mas Canals";
"971";"c.";"del";"Mas Baiona";"c. del Mas Baiona";
"972";"c.";"del";"Mas Amada";"c. del Mas Amada";
"973";"c.";"de";"Martínez de la Rosa";"c. de Martínez de la Rosa";
"974";"c.";"de";"Martinet";"c. de Martinet";
"975";"c.";"de";"Martí l'Humà";"c. de Martí l'Humà";
"976";"c.";"de";"Mart";"c. de Mart";
"977";"c.";"de";"Marsella";"c. de Marsella";
"978";"pl.";"de";"Marquilles";"pl. de Marquilles";
"979";"c.";"del";"Marquès de Comillas";"c. del Marquès de Comillas";
"980";"c.";"del";"Marquès de Ciutadilla";"c. del Marquès de Ciutadilla";
"981";"c.";"de";"Marie Curie";"c. de Marie Curie";
"982";"c.";"de";"Marian Burguès";"c. de Marian Burguès";
"983";"jardí";"de";"Maria Montessori";"jardí de Maria Montessori";
"893";"c.";"de";"Narcisa Freixas";"c. de Narcisa Freixas";
"894";"c.";"de";"Nàpols";"c. de Nàpols";
"895";"c.";"de";"Nadal";"c. de Nadal";
"896";"c.";"de";"Muntaner";"c. de Muntaner";
"897";"c.";"de";"Mulleres";"c. de Mulleres";
"898";"c.";"del";"Mulhacén";"c. del Mulhacén";
"899";"c.";"dels";"Muixins";"c. dels Muixins";
"900";"c.";"de la";"Muga";"c. de la Muga";
"901";"ptge.";"de";"Mozart";"ptge. de Mozart";
"902";"pl.";"de";"Mossèn Geis";"pl. de Mossèn Geis";
"903";"c.";"de";"Mossèn Gaietà";"c. de Mossèn Gaietà";
"904";"ptge.";"de";"Mossèn Carles Cardó";"ptge. de Mossèn Carles Cardó";
"905";"ptge.";"de les";"Moreres";"ptge. de les Moreres";
"906";"c.";"de";"Mostar";"c. de Mostar";
"907";"ptge.";"de";"Morella";"ptge. de Morella";
"908";"ptge.";"de";"Moratín";"ptge. de Moratín";
"909";"c.";"de";"Moratín";"c. de Moratín";
"910";"c.";"de";"Moragas i Barret";"c. de Moragas i Barret";
"911";"pl.";"de";"Montserrat Roig";"pl. de Montserrat Roig";
"912";"c.";"de";"Montserrat";"c. de Montserrat";
"913";"c.";"del";"Montseny";"c. del Montseny";
"914";"c.";"del";"Montnegre";"c. del Montnegre";
"915";"c.";"de";"Montllor i Pujal";"c. de Montllor i Pujal";
"916";"pl.";"de";"Montevideo";"pl. de Montevideo";
"917";"c.";"de";"Monterols";"c. de Monterols";
"918";"pl.";"de";"Montellà";"pl. de Montellà";
"919";"c.";"de";"Monteixo";"c. de Monteixo";
"920";"c.";"del";"Montcau";"c. del Montcau";
"921";"c.";"dels";"Montcada";"c. dels Montcada";
"922";"c.";"del";"Mont Blanc";"c. del Mont Blanc";
"923";"c.";"de";"Montañès";"c. de Montañès";
"924";"c.";"de";"Monestero";"c. de Monestero";
"925";"c.";"del";"Moncayo";"c. del Moncayo";
"926";"ctra.";"de";"Mollet";"ctra. de Mollet";
"927";"ctra.";"de";"Molins de Rei";"ctra. de Molins de Rei";
"928";"c.";"de la";"Molina";"c. de la Molina";
"929";"camí";"del";"Molí d'en Torrella";"camí del Molí d'en Torrella";
"930";"c.";"de la";"Mola";"c. de la Mola";
"931";"c.";"del";"Moianès";"c. del Moianès";
"932";"mirador";"de l'";"Amical de Mauthausen";"mirador de l' Amical de Mauthausen";
"933";"c.";"del";"Mirador";"c. del Mirador";
"934";"c.";"del";"Miracle";"c. del Miracle";
"935";"c.";"de";"Miquel Servet";"c. de Miquel Servet";
"936";"pl.";"de";"M. Crusafont i Pairó";"pl. de M. Crusafont i Pairó";
"937";"ptge.";"de";"Miquel Carreras";"ptge. de Miquel Carreras";
"938";"c.";"de";"Miquel Àngel";"c. de Miquel Àngel";
"847";"c.";"de";"Palestrina";"c. de Palestrina";
"848";"c.";"de la";"Palanca";"c. de la Palanca";
"849";"c.";"de";"Pajares";"c. de Pajares";
"850";"ptge.";"de";"Paderna";"ptge. de Paderna";
"851";"c.";"de";"Paco Mutlló";"c. de Paco Mutlló";
"852";"avda.";"de";"Pablo Iglesias";"avda. de Pablo Iglesias";
"853";"c.";"d'";"Ovidi";"c. d' Ovidi";
"854";"c.";"d'";"Osona";"c. d' Osona";
"855";"pl.";"d'";"Oscar Arnulfo Romero";"pl. d' Oscar Arnulfo Romero";
"856";"c.";"d'";"Oslo";"c. d' Oslo";
"857";"c.";"d'";"Osca";"c. d' Osca";
"858";"c.";"d'";"Osaka";"c. d' Osaka";
"859";"c.";"de l'";"Orquestra Ricart";"c. de l' Orquestra Ricart";
"860";"c.";"d'";"Orlando Enamorat";"c. d' Orlando Enamorat";
"861";"rda.";"d'";"Orient";"rda. d' Orient";
"862";"c.";"d'";"Oretana";"c. d' Oretana";
"863";"pl.";"de les";"Tres Torres";"pl. de les Tres Torres";
"864";"c.";"d'";"Ordesa";"c. d' Ordesa";
"865";"avda.";"de l'";"Onze de Setembre";"avda. de l' Onze de Setembre";
"866";"c.";"de l'";"Onyar";"c. de l' Onyar";
"867";"c.";"d'";"Olzinelles";"c. d' Olzinelles";
"868";"c.";"d'";"Olot";"c. d' Olot";
"869";"c.";"d'";"Olof Palme";"c. d' Olof Palme";
"870";"c.";"d'";"Oliver";"c. d' Oliver";
"871";"pl.";"d'";"Olímpia";"pl. d' Olímpia";
"872";"rda.";"d'";"Oliana";"rda. d' Oliana";
"873";"parc";"d'";"Odessa";"parc d' Odessa";
"874";"c.";"de";"Núria";"c. de Núria";
"875";"c.";"de";"Numància";"c. de Numància";
"876";"pl.";"de la";"Nova Creu";"pl. de la Nova Creu";
"877";"c.";"de";"Noufonts";"c. de Noufonts";
"878";"c.";"";"Nou";"c.  Nou";
"879";"ptge.";"del";"Notari Herrán";"ptge. del Notari Herrán";
"880";"c.";"de";"Norrköping";"c. de Norrköping";
"881";"c.";"del";"Nord";"c. del Nord";
"882";"c.";"de la";"Noguera Ribagorçana";"c. de la Noguera Ribagorçana";
"883";"c.";"de la";"Noguera Pallaresa";"c. de la Noguera Pallaresa";
"884";"illa";" ";"Noble";"illa   Noble";
"885";"c.";"del";"Nerbion";"c. del Nerbion";
"886";"rda.";"de";"Navacerrada";"rda. de Navacerrada";
"887";"pl.";"de";"Navacerrada";"pl. de Navacerrada";
"889";"c.";"de";"Narcís Nonell";"c. de Narcís Nonell";
"890";"c.";"de";"Narcís Monturiol";"c. de Narcís Monturiol";
"891";"c.";"de";"Narcís Giralt";"c. de Narcís Giralt";
"892";"c.";"de";"Narcís Casanoves";"c. de Narcís Casanoves";
"801";"ptge.";"de";"Pere Santfeliu";"ptge. de Pere Santfeliu";
"802";"c.";"de";"Pere Monistrol";"c. de Pere Monistrol";
"803";"pl.";"de";"Pere Gomar";"pl. de Pere Gomar";
"804";"c.";"de";"Pere d'Om";"c. de Pere d'Om";
"805";"pl.";"de";"Sant Julià";"pl. de Sant Julià";
"806";"c.";"de";"Pereda";"c. de Pereda";
"807";"c.";"de la";"Pera";"c. de la Pera";
"808";"pl.";"de";"Pep Ventura";"pl. de Pep Ventura";
"809";"c.";"de";"Peñalara";"c. de Peñalara";
"810";"c.";"del";"Penya-segat";"c. del Penya-segat";
"811";"c.";"del";"Penedès";"c. del Penedès";
"812";"c.";"de";"Pelai Briz";"c. de Pelai Briz";
"813";"c.";"de";"Peguera";"c. de Peguera";
"814";"pl.";"del";"Pedregar";"pl. del Pedregar";
"815";"c.";"del";"Pedregar";"c. del Pedregar";
"816";"c.";"del";"Pedraforca";"c. del Pedraforca";
"817";"c.";"de les";"Paus";"c. de les Paus";
"818";"rda.";"de";"Pau Vila";"rda. de Pau Vila";
"819";"pl.";"de";"Pau Trullà";"pl. de Pau Trullà";
"820";"c.";"de";"Pau Rigalt";"c. de Pau Rigalt";
"821";"c.";"de";"Pau Colomer";"c. de Pau Colomer";
"822";"c.";"de";"Pau Claris";"c. de Pau Claris";
"823";"c.";"de";"Pau Abad";"c. de Pau Abad";
"824";"pl.";"de la";"Pau";"pl. de la Pau";
"825";"avda.";"de la";"Pau";"avda. de la Pau";
"826";"pl.";"de";"Patro Agulló";"pl. de Patro Agulló";
"827";"c.";"del";"Pasteral";"c. del Pasteral";
"828";"c.";"de";"Parmènides";"c. de Parmènides";
"829";"c.";"de";"Parma";"c. de Parma";
"830";"c.";"de";"París";"c. de París";
"831";"c.";"del";"Pare Sallarès";"c. del Pare Sallarès";
"832";"ptge.";"del";"Pare Rodés";"ptge. del Pare Rodés";
"833";"c.";"del";"Pare Rodés";"c. del Pare Rodés";
"834";"c.";"del";"Pare Rodamilans";"c. del Pare Rodamilans";
"835";"c.";"de";"Parellada";"c. de Parellada";
"836";"c.";"del";"Pare Fita";"c. del Pare Fita";
"837";"c.";"del";"Pare Clerch";"c. del Pare Clerch";
"838";"c.";"de";"Pardo Bazán";"c. de Pardo Bazán";
"839";"avda.";"dels";"Paraires";"avda. dels Paraires";
"840";"pl.";"del";"Paraire Deganet";"pl. del Paraire Deganet";
"841";"c.";"del";"Papa Pius XI";"c. del Papa Pius XI";
"842";"avda.";"de";"Josep Tarradellas";"avda. de Josep Tarradellas";
"843";"c.";"de";"Panissars";"c. de Panissars";
"844";"c.";"de";"Pàndols";"c. de Pàndols";
"845";"c.";"de les";"Palmeres";"c. de les Palmeres";
"846";"c.";"del";"Pallars";"c. del Pallars";
"755";"c.";"de la";"Previsió";"c. de la Previsió";
"756";"ctra.";"de";"Prats de Lluçanès";"ctra. de Prats de Lluçanès";
"757";"c.";"de";"Prat de la Riba";"c. de Prat de la Riba";
"758";"c.";"del";"Prat";"c. del Prat";
"759";"c.";"de";"Praga";"c. de Praga";
"760";"c.";"de la";"Prada";"c. de la Prada";
"761";"pl.";"del";"Pou";"pl. del Pou";
"762";"ptge.";"del";"Pou";"ptge. del Pou";
"763";"c.";"de";"Posets";"c. de Posets";
"764";"c.";"de";"Portugal";"c. de Portugal";
"765";"c.";"del";"Portal de la Floresta";"c. del Portal de la Floresta";
"766";"c.";"del";"Pont";"c. del Pont";
"767";"rda.";"de";"Ponent";"rda. de Ponent";
"768";"pl.";"de";"Pompeu Fabra";"pl. de Pompeu Fabra";
"769";"pl.";"dels";"Pollancres";"pl. dels Pollancres";
"770";"avda.";"de";"Polinyà";"avda. de Polinyà";
"771";"c.";"del";"Poeta Folguera";"c. del Poeta Folguera";
"772";"c.";"de";"Poblet";"c. de Poblet";
"773";"c.";"de";"Plutarc";"c. de Plutarc";
"774";"c.";"de";"Plini el Vell";"c. de Plini el Vell";
"775";"c.";"de";"Plaute";"c. de Plaute";
"776";"c.";"de";"Plató";"c. de Plató";
"777";"pl.";"dels";"Plàtans";"pl. dels Plàtans";
"778";"c.";"de";"Joan Plans";"c. de Joan Plans";
"779";"c.";"de les";"Planes";"c. de les Planes";
"780";"pg.";"de la";"Plaça Major";"pg. de la Plaça Major";
"781";"c.";"de";"Pizarro";"c. de Pizarro";
"782";"pl.";"de les";"Pitiüses";"pl. de les Pitiüses";
"783";"c.";"dels";"Pirineus";"c. dels Pirineus";
"784";"c.";"del";"Pintor Pradilla";"c. del Pintor Pradilla";
"785";"c.";"del";"Pintor Borrassà";"c. del Pintor Borrassà";
"786";"c.";"dels";"Pins";"c. dels Pins";
"787";"ptge.";"de";"Pineta";"ptge. de Pineta";
"788";"c.";"de";"Piferrer";"c. de Piferrer";
"789";"pl.";"de";"Picasso";"pl. de Picasso";
"790";"c.";"de";"Picañol";"c. de Picañol";
"792";"c.";"de";"Pi i Margall";"c. de Pi i Margall";
"793";"pl.";"del";"Pi";"pl. del Pi";
"794";"c.";"de";"Petrarca";"c. de Petrarca";
"795";"pl.";"del";"Perú";"pl. del Perú";
"796";"c.";"de";"Persi";"c. de Persi";
"797";"c.";"de";"Permanyer";"c. de Permanyer";
"798";"c.";"de";"Pérez Moya";"c. de Pérez Moya";
"799";"ptge.";"de";"Pere Serra";"ptge. de Pere Serra";
"800";"c.";"de";"Pere Serafí";"c. de Pere Serafí";
"710";"c.";"de";"Rialb";"c. de Rialb";
"711";"pg.";"de la";"Revolució";"pg. de la Revolució";
"712";"c.";"de";"Renall";"c. de Renall";
"713";"c.";"del";"Remei";"c. del Remei";
"714";"c.";"dels";"Reis Catòlics";"c. dels Reis Catòlics";
"715";"c.";"de la";"Reina Elionor";"c. de la Reina Elionor";
"716";"c.";"de";"Regàs";"c. de Regàs";
"717";"c.";"del";"Rector Centena";"c. del Rector Centena";
"718";"c.";"de";"Ramon Sibiuda";"c. de Ramon Sibiuda";
"719";"pl.";"de";"Ramon Llull";"pl. de Ramon Llull";
"720";"c.";"de";"Ramon Llull";"c. de Ramon Llull";
"721";"c.";"de";"Ramon Jové";"c. de Ramon Jové";
"722";"c.";"de";"Ramon Amadeu";"c. de Ramon Amadeu";
"723";"c.";"de";"Ramon Albó";"c. de Ramon Albó";
"724";" ";"";"Rambla";"Rambla";
"725";"c.";"de";"Raimon Casellas";"c. de Raimon Casellas";
"726";"c.";"de";"Rafael Durancamps";"c. de Rafael Durancamps";
"727";"avda.";"de";"Rafael Casanova";"avda. de Rafael Casanova";
"728";"c.";"de";"Rafael";"c. de Rafael";
"729";" ";"";"Racó del Campanar";"Racó del Campanar";
"730";"c.";"del";"Quixot";"c. del Quixot";
"731";"c.";"de";"Quintana";"c. de Quintana";
"732";"c.";"de";"Quevedo";"c. de Quevedo";
"733";"c.";"de";"Queralt";"c. de Queralt";
"734";"c.";"del";"Quebec";"c. del Quebec";
"735";"c.";"del";"Puigmal";"c. del Puigmal";
"736";"c.";"del";"Puig Major";"c. del Puig Major";
"737";"ptge.";"de";"Puig i Pujol";"ptge. de Puig i Pujol";
"738";"c.";"de";"Puig i Cadafalch";"c. de Puig i Cadafalch";
"739";"c.";"del";"Puig de la Creu";"c. del Puig de la Creu";
"740";"ptge.";"de";"Puigcerdà";"ptge. de Puigcerdà";
"741";"c.";"de";"Puigcerdà";"c. de Puigcerdà";
"742";"c.";"de";"Puig Antich";"c. de Puig Antich";
"743";"c.";"de";"Prullans";"c. de Prullans";
"744";"c.";"de";"Prudenci Bertrana";"c. de Prudenci Bertrana";
"745";"c.";"de";"Prudenci";"c. de Prudenci";
"746";"pl.";"de la";"Providència";"pl. de la Providència";
"747";"c.";"de";"Pròsper de Bofarull";"c. de Pròsper de Bofarull";
"749";"ptge.";"del";"Progrés";"ptge. del Progrés";
"750";"c.";"del";"Priorat";"c. del Priorat";
"751";"pl.";"del";"Principat";"pl. del Principat";
"752";"c.";"del";"Príncep de Viana";"c. del Príncep de Viana";
"753";"pl.";"del";"Primer de Maig";"pl. del Primer de Maig";
"754";"pl.";"de la";"Primavera";"pl. de la Primavera";
"665";"c.";"de";"Saboredo";"c. de Saboredo";
"666";"c.";"de la";"Saboneria";"c. de la Saboneria";
"667";"avda.";"de";"Don Bosco";"avda. de Don Bosco";
"668";"c.";"de";"Ruiz Villalba";"c. de Ruiz Villalba";
"669";"pg.";"de";"Rubió i Ors";"pg. de Rubió i Ors";
"670";"ptge.";"de";"Rovira i Virgili";"ptge. de Rovira i Virgili";
"671";"pl.";"dels";"Roures";"pl. dels Roures";
"672";"rda.";"de la";"Roureda";"rda. de la Roureda";
"673";"c.";"de";"Roubaix";"c. de Roubaix";
"674";"c.";"del";"Rosselló";"c. del Rosselló";
"675";"pl.";"de";"Rosalía de Castro";"pl. de Rosalía de Castro";
"676";"c.";"de";"Rosales";"c. de Rosales";
"677";"jardí";"de";"Rosa Luxemburg";"jardí de Rosa Luxemburg";
"678";"jardí";"de";"Rosa Leveroni";"jardí de Rosa Leveroni";
"679";"c.";"de la";"Rosa";"c. de la Rosa";
"680";"pl.";"de";"Ròmul";"pl. de Ròmul";
"681";"c.";"de";"Romeu";"c. de Romeu";
"682";"c.";"del";"Romaní";"c. del Romaní";
"683";"c.";"de";"Roma";"c. de Roma";
"684";"jardí";"de";"Salvador Sarrà";"jardí de Salvador Sarrà";
"685";"c.";"de";"Roís de Corella";"c. de Roís de Corella";
"686";"c.";"de";"Roger de Flor";"c. de Roger de Flor";
"687";"pl.";"de";"Rogelio Soto";"pl. de Rogelio Soto";
"688";"ptge.";"de";"Rodoreda";"ptge. de Rodoreda";
"689";"c.";"de";"Rodes";"c. de Rodes";
"690";"c.";"de";"Rocafort";"c. de Rocafort";
"691";"c.";"de";"Roca";"c. de Roca";
"692";"ptge.";"del";"Riu Tort";"ptge. del Riu Tort";
"693";"c.";"de";"Riu-sec";"c. de Riu-sec";
"694";"c.";"del";"Ripollès";"c. del Ripollès";
"695";"c.";"del";"Ripoll";"c. del Ripoll";
"696";"c.";"de la";"Rioja";"c. de la Rioja";
"697";"c.";"del";"Rigard";"c. del Rigard";
"698";"ptge.";"dels";"Rifós";"ptge. dels Rifós";
"699";"c.";"del";"Rif";"c. del Rif";
"700";"ptge.";"de la";"Riereta";"ptge. de la Riereta";
"701";"c.";"de";"Riera Villaret";"c. de Riera Villaret";
"702";"c.";"de la";"Riera Baixa";"c. de la Riera Baixa";
"703";"c.";"de la";"Riera Alta";"c. de la Riera Alta";
"704";"c.";"de";"Riego";"c. de Riego";
"705";"pl.";"de";"Ricard Simó Bach";"pl. de Ricard Simó Bach";
"706";"c.";"de";"Ricard Marlet";"c. de Ricard Marlet";
"707";"c.";"de";"Ribot i Serra";"c. de Ribot i Serra";
"708";"pl.";"de la";"Participació Ciutadana";"pl. de la Participació Ciutadana";
"709";"ptge.";"de";"Ribatallada";"ptge. de Ribatallada";
"621";"c.";"de";"Sant Isidor";"c. de Sant Isidor";
"622";"c.";"de";"Santiga";"c. de Santiga";
"623";"c.";"de";"Santiago Segura";"c. de Santiago Segura";
"624";"c.";"de";"Santiago Rusiñol";"c. de Santiago Rusiñol";
"625";"c.";"de";"Santiago de Compostel·la";"c. de Santiago de Compostel·la";
"626";"c.";"de";"Sant Honorat";"c. de Sant Honorat";
"627";"c.";"de";"Sant Francesc";"c. de Sant Francesc";
"628";"c.";"de";"Sant Ferran";"c. de Sant Ferran";
"629";"c.";"de";"Sant Feliu";"c. de Sant Feliu";
"630";"c.";"de";"Sant Domènec";"c. de Sant Domènec";
"631";"c.";"de";"Sant Cugat";"c. de Sant Cugat";
"632";"c.";"de";"Sant Cristòfol";"c. de Sant Cristòfol";
"633";"pg.";"de";"Sant Bernat";"pg. de Sant Bernat";
"634";"c.";"de";"Sant Baldomer";"c. de Sant Baldomer";
"635";"c.";"de";"Santa Teresa";"c. de Santa Teresa";
"636";"ptge.";"de";"Santa Perpètua";"ptge. de Santa Perpètua";
"637";"c.";"de";"Sant Antoni Maria Claret";"c. de Sant Antoni Maria Claret";
"638";"c.";"de";"Sant Antoni";"c. de Sant Antoni";
"639";"c.";"de";"Santanac";"c. de Santanac";
"640";"ptge.";"de";"Santa Maria de l'Estany";"ptge. de Santa Maria de l'Estany";
"641";"rda.";"de";"Santa Maria";"rda. de Santa Maria";
"642";"ptge.";"de";"Santa Isabel";"ptge. de Santa Isabel";
"643";"pl.";"de";"Sant Agustí";"pl. de Sant Agustí";
"644";"c.";"de";"Santa Eulàlia";"c. de Santa Eulàlia";
"645";"c.";"de";"Santa Cecília";"c. de Santa Cecília";
"646";"c.";"de";"Sanaüja";"c. de Sanaüja";
"647";"c.";"de";"Samuntada";"c. de Samuntada";
"649";"c.";"dels";"Salzes";"c. dels Salzes";
"650";"c.";"de";"Salzburg";"c. de Salzburg";
"651";"c.";"de";"Salvat Papasseit";"c. de Salvat Papasseit";
"652";"c.";"de";"Salvany";"c. de Salvany";
"653";"c.";"de";"Salvador Seguí, el Noi del Sucre";"c. de Salvador Seguí, el Noi del Sucre";
"654";"c.";"de";"Salvador Espriu";"c. de Salvador Espriu";
"655";"pl.";"de";"Salvador Allende";"pl. de Salvador Allende";
"656";"pda.";"de la";"Salut";"pda. de la Salut";
"657";"c.";"de la";"Salut";"c. de la Salut";
"658";"c.";"de";"Sal·lusti";"c. de Sal·lusti";
"659";"c.";"de";"Sallarès i Pla";"c. de Sallarès i Pla";
"660";"c.";"de";"Sallarès i Marra";"c. de Sallarès i Marra";
"661";"c.";"de";"Sallarès Castells";"c. de Sallarès Castells";
"662";"c.";"de les";"Salenques";"c. de les Salenques";
"663";"c.";"de";"Sagunt";"c. de Sagunt";
"664";"illa";" ";"Sacra";"illa   Sacra";
"575";"c.";"de";"Simone de Beauvoir";"c. de Simone de Beauvoir";
"576";"c.";"de";"Sierra Nevada";"c. de Sierra Nevada";
"577";"c.";"de";"Sicília";"c. de Sicília";
"578";"c.";"de la";"Serralada";"c. de la Serralada";
"579";"c.";"de la";"Serra d'en Camaró";"c. de la Serra d'en Camaró";
"580";"c.";"dels";"Sentmenat";"c. dels Sentmenat";
"581";"c.";"de la";"Sènia";"c. de la Sènia";
"582";"c.";"de";"Sèneca";"c. de Sèneca";
"583";"c.";"de la";"Selva";"c. de la Selva";
"584";"c.";"del";"Segre";"c. del Segre";
"585";"c.";"de la";"Segarra";"c. de la Segarra";
"586";"c.";"de";"Schweitzer";"c. de Schweitzer";
"587";"c.";"de";"Schubert";"c. de Schubert";
"588";"c.";"de";"Sau";"c. de Sau";
"589";"c.";"de";"Saturn";"c. de Saturn";
"590";"pl.";"del";"Sastre";"pl. del Sastre";
"591";"c.";"de";"Sarret";"c. de Sarret";
"592";"pl.";"de";"Sardà i Salvany";"pl. de Sardà i Salvany";
"593";"c.";"de";"Sardà";"c. de Sardà";
"594";"c.";"de";"Sarasate";"c. de Sarasate";
"595";"c.";"de";"Sarajevo";"c. de Sarajevo";
"596";"c.";"de";"Sao Paulo";"c. de Sao Paulo";
"597";"c.";"de";"Sant Vicenç de Paül";"c. de Sant Vicenç de Paül";
"598";"c.";"de";"Sant Vicenç";"c. de Sant Vicenç";
"599";"c.";"de";"Sant Sebastià";"c. de Sant Sebastià";
"600";"pl.";"de";"Sant Salvador";"pl. de Sant Salvador";
"601";"pl.";"de";"Sant Roc";"pl. de Sant Roc";
"602";"c.";"de";"Sant Ramon de Penyafort";"c. de Sant Ramon de Penyafort";
"603";"c.";"de";"Sant Quirze";"c. de Sant Quirze";
"604";"pl.";"de";"Sant Pius X";"pl. de Sant Pius X";
"605";"c.";"de";"Sant Pere";"c. de Sant Pere";
"606";"c.";"de";"Sant Pau";"c. de Sant Pau";
"607";"pg.";"de";"Sant Oleguer";"pg. de Sant Oleguer";
"608";"c.";"de";"Sant Oleguer";"c. de Sant Oleguer";
"609";"c.";"de";"Sant Miquel";"c. de Sant Miquel";
"610";"c.";"de";"Sant Maurici";"c. de Sant Maurici";
"611";"c.";"de";"Sant Maties";"c. de Sant Maties";
"612";"c.";"de";"Sant Llorenç";"c. de Sant Llorenç";
"613";"c.";"de";"Sant Llop";"c. de Sant Llop";
"614";"c.";"de";"Sant Josep";"c. de Sant Josep";
"615";"c.";"de";"Sant Jordi";"c. de Sant Jordi";
"616";"pl.";"de";"Sant Joan";"pl. de Sant Joan";
"617";"c.";"de";"Sant Joan";"c. de Sant Joan";
"618";"pl.";"de";"Sant Jaume";"pl. de Sant Jaume";
"619";"c.";"de";"Sant Jaume";"c. de Sant Jaume";
"620";"c.";"de";"Sant Isidre";"c. de Sant Isidre";
"528";"c.";"de";"Torras i Bages";"c. de Torras i Bages";
"529";"avda.";"de";"Toronto";"avda. de Toronto";
"530";"c.";"dels";"Torners";"c. dels Torners";
"531";"c.";"de la";"Tordera";"c. de la Tordera";
"532";"c.";"de";"Tolstoi";"c. de Tolstoi";
"533";"c.";"de";"Tolosa";"c. de Tolosa";
"534";"ptge.";"de";"Togores";"ptge. de Togores";
"535";"c.";"de";"Titus Livi";"c. de Titus Livi";
"536";"pg.";"de";"Tirso de Molina";"pg. de Tirso de Molina";
"537";"c.";"del";"Tirant lo Blanc";"c. del Tirant lo Blanc";
"538";"c.";"dels";"Tintorers";"c. dels Tintorers";
"539";"c.";"de";"Tirana";"c. de Tirana";
"540";"c.";"de";"Tilburg";"c. de Tilburg";
"541";"c.";"de";"Tetuan";"c. de Tetuan";
"542";"ctra.";"de";"Terrassa";"ctra. de Terrassa";
"543";"c.";"de";"Terradets";"c. de Terradets";
"544";"pl.";"de les";"Termes";"pl. de les Termes";
"545";"c.";"de";"Teresa Claramunt";"c. de Teresa Claramunt";
"546";"c.";"del";"Ter";"c. del Ter";
"547";"c.";"dels";"Teòrics";"c. dels Teòrics";
"548";"ptge.";"de";"Teodor Llorente";"ptge. de Teodor Llorente";
"549";"c.";"de";"Tenerife";"c. de Tenerife";
"550";"c.";"dels";"Teixidors";"c. dels Teixidors";
"551";"c.";"del";"Teide";"c. del Teide";
"552";"pl.";"del";"Taulí";"pl. del Taulí";
"553";"parc";"del";"Taulí";"parc del Taulí";
"554";"c.";"del";"Taulí";"c. del Taulí";
"555";"c.";"de";"Tarragona";"c. de Tarragona";
"556";"c.";"de";"Tampere";"c. de Tampere";
"557";"c.";"de";"Tamarit";"c. de Tamarit";
"558";"pl.";"dels";"Tallarets";"pl. dels Tallarets";
"559";"ptge.";"de";"Tàcit";"ptge. de Tàcit";
"560";"c.";"de";"Tàcit";"c. de Tàcit";
"561";"c.";"de";"Sydney";"c. de Sydney";
"562";"pl.";"del";"Submarí Nautilus";"pl. del Submarí Nautilus";
"563";"c.";"de";"Somport";"c. de Somport";
"564";"ptge.";"de";"Somosierra";"ptge. de Somosierra";
"565";"c.";"de";"Somosierra";"c. de Somosierra";
"566";"pl.";"del";"Solsonès";"pl. del Solsonès";
"567";"c.";"de la";"Solidaritat";"c. de la Solidaritat";
"568";"c.";"de la";"Soledat";"c. de la Soledat";
"569";"c.";"de";"Sol i Padrís";"c. de Sol i Padrís";
"570";"pl.";"del";"Sol";"pl. del Sol";
"571";"c.";"del";"Sol";"c. del Sol";
"572";"c.";"de";"Sòcrates";"c. de Sòcrates";
"573";"c.";"de";"Sobarber";"c. de Sobarber";
"574";"c.";"de";"Simone Weil";"c. de Simone Weil";
"482";"pl.";"de";"Veneçuela";"pl. de Veneçuela";
"483";"c.";"de";"Venècia";"c. de Venècia";
"484";"c.";"de";"Velázquez";"c. de Velázquez";
"485";"c.";"de";"Velarde";"c. de Velarde";
"486";"c.";"de";"Vázquez de Mella";"c. de Vázquez de Mella";
"487";"c.";"de";"Vasco da Gama";"c. de Vasco da Gama";
"488";"c.";"de";"Varsòvia";"c. de Varsòvia";
"489";"pl.";"de les";"Vaques";"pl. de les Vaques";
"490";"c.";"del";"Vapor";"c. del Vapor";
"491";"c.";"de les";"Valls";"c. de les Valls";
"492";"c.";"de";"Vallmitjana";"c. de Vallmitjana";
"493";"c.";"de";"Vallmanya";"c. de Vallmanya";
"494";"c.";"de";"Vallirana";"c. de Vallirana";
"495";"c.";"del";"Vallespir";"c. del Vallespir";
"496";"pl.";"del";"Vallès";"pl. del Vallès";
"497";"ptge.";"del";"Vallès";"ptge. del Vallès";
"498";"c.";"del";"Vallès";"c. del Vallès";
"499";"c.";"de";"Valldemossa";"c. de Valldemossa";
"500";"c.";"de";"Valldaura";"c. de Valldaura";
"501";"pl.";"de la";"Vall d'Aran";"pl. de la Vall d'Aran";
"502";"c.";"de la";"Vall d'Àneu";"c. de la Vall d'Àneu";
"503";"c.";"de";"Vallcorba";"c. de Vallcorba";
"504";"c.";"de la";"Valira Baixa";"c. de la Valira Baixa";
"505";"c.";"de la";"Valira Alta";"c. de la Valira Alta";
"506";"c.";"de";"Valentí Almirall";"c. de Valentí Almirall";
"507";"c.";"de";"València";"c. de València";
"508";"c.";"d'";"Ustrell";"c. d' Ustrell";
"509";"pl.";"dels";"Usatges";"pl. dels Usatges";
"510";"c.";"de l'";"Uruguai";"c. de l' Uruguai";
"511";"c.";"de l'";"Urgell";"c. de l' Urgell";
"512";"c.";"dels";"Urals";"c. dels Urals";
"513";"c.";"d'";"Urà";"c. d' Urà";
"514";"c.";"de la";"Unió";"c. de la Unió";
"515";"c.";"de";"Turull";"c. de Turull";
"516";"c.";"de";"Turina";"c. de Turina";
"517";"c.";"del";"Túria";"c. del Túria";
"518";"c.";"de les";"Tulipes";"c. de les Tulipes";
"519";"c.";"de";"Tulancingo";"c. de Tulancingo";
"520";"parc";"de les";"Aigües";"parc de les Aigües";
"521";"pl.";"de";"Triana";"pl. de Triana";
"522";"c.";"de les";"Tres Creus";"c. de les Tres Creus";
"523";"c.";"de";"Tredòs";"c. de Tredòs";
"524";"pl.";"del";"Treball";"pl. del Treball";
"525";"c.";"de";"Toses";"c. de Toses";
"526";"camí";"de";"Torre-romeu";"camí de Torre-romeu";
"527";"pl.";"de la";"Torre de l'Aigua";"pl. de la Torre de l'Aigua";
"449";"c.";"de";"Zuric";"c. de Zuric";
"450";"c.";"de";"Zurbano";"c. de Zurbano";
"451";"c.";"de";"Zorrilla";"c. de Zorrilla";
"452";"rda.";"de";"Zamenhof";"rda. de Zamenhof";
"453";"c.";"de";"Yesa";"c. de Yesa";
"454";"pl.";"dels";"Xiprers";"pl. dels Xiprers";
"455";"pl.";"de";"Xavier Sanahuja";"pl. de Xavier Sanahuja";
"456";"c.";"del";"Xaloc";"c. del Xaloc";
"457";"c.";"de";"Wagner";"c. de Wagner";
"458";"c.";"de";"Walter Benjamin";"c. de Walter Benjamin";
"459";"c.";"dels";"Vosges";"c. dels Vosges";
"460";"pl.";"dels";"Virreis";"pl. dels Virreis";
"461";"c.";"de";"Virgili";"c. de Virgili";
"462";"c.";"de les";"Violetes";"c. de les Violetes";
"463";"ptge.";"de la";"Vinya";"ptge. de la Vinya";
"464";"ptge.";"de";"Moscou";"ptge. de Moscou";
"465";"c.";"de";"Villarroel";"c. de Villarroel";
"466";"ptge.";"de";"Villar";"ptge. de Villar";
"467";"c.";"de";"Vilarrúbias";"c. de Vilarrúbias";
"468";"ptge.";"de";"Vilanova";"ptge. de Vilanova";
"469";"c.";"de";"Viladomat";"c. de Viladomat";
"470";"c.";"de";"Vila Cinca";"c. de Vila Cinca";
"471";"c.";"de";"Viladamor";"c. de Viladamor";
"472";"pl.";"de";"Vila Arrufat";"pl. de Vila Arrufat";
"473";"c.";"del";"Vinhamala";"c. del Vinhamala";
"474";"c.";"de";"Vidal";"c. de Vidal";
"475";"c.";"de";"Víctor Català";"c. de Víctor Català";
"476";"c.";"de";"Víctor Balaguer";"c. de Víctor Balaguer";
"477";"pl.";"de";"Vicens i Vives";"pl. de Vicens i Vives";
"478";"c.";"dels";"Viatjants";"c. dels Viatjants";
"479";"c.";"de";"Verviers";"c. de Verviers";
"480";"c.";"de";"Vergós";"c. de Vergós";
"481";"c.";"de la";"Verge de la Paloma";"c. de la Verge de la Paloma";
"45255";"pl.";"d'";"Ovidi Montllor";"pl. d' Ovidi Montllor";
"46574";"pl.";"del";"Vapor Gorina";"pl. del Vapor Gorina";
"75603";"pl.";"de";"Bertha von Suttner";"pl. de Bertha von Suttner";
"75604";"rtda.";"de l'";"Advocacia del Torn d'Ofici";"rtda. de l' Advocacia del Torn d'Ofici";
"77910";"pl.";"de";"Montcortès";"pl. de Montcortès";
"60108";"pl.";"del";"Doctor Argemí";"pl. del Doctor Argemí";
"60109";"pl.";"de";"Josep Rosas";"pl. de Josep Rosas";
"60110";"pl.";"de";"Josep Germà";"pl. de Josep Germà";
"60111";"pl.";"de";"Miquel Bertran";"pl. de Miquel Bertran";
"58537";"rtda.";"dels";"Agents Comercials";"rtda. dels Agents Comercials";
"58539";"c.";"de";"Londres";"c. de Londres";
"58540";"c.";"de";"Can Mas";"c. de Can Mas";
"59817";"pg.";"de";"Sant Pau de Riu-sec";"pg. de Sant Pau de Riu-sec";
"59818";"c.";"de la";"Serra de Galliners";"c. de la Serra de Galliners";
"59819";"c.";"del";"Pla del Fonollar";"c. del Pla del Fonollar";
"59820";"c.";"de";"Can Diviu";"c. de Can Diviu";
"59821";"c.";"del";"Torrent de Guiany";"c. del Torrent de Guiany";
"59822";"c.";"del";"Puig de Mataric";"c. del Puig de Mataric";
"59823";"c.";"de la";"Vall Moranta";"c. de la Vall Moranta";
"59824";"c.";"de";"Can Borrell";"c. de Can Borrell";
"59825";"c.";"del";"Torrent dels Frares";"c. del Torrent dels Frares";
"77922";"prtge";"de";"Silvestre Romeu";"prtge de Silvestre Romeu";
