"Centro","Nombre actividad","Participantes","Curso"
"Guanarteme","Celebración finaos",100,"2013/2014"
"Guanarteme","Exposición El bosque reciclado",200,"2013/2014"
"Guanarteme","Exposición Retratos de ciudad alta",200,"2013/2014"
"Guanarteme","Huerto doméstico",15,"2013/2014"
"Guanarteme","Iniciación informática básica",10,"2013/2014"
"Guanarteme","Club de lectura",15,"2013/2014"
"Guanarteme","Reducción y reciclaje de residuos",4,"2013/2014"
"Guanarteme","Iniciación informática nivel medio",10,"2013/2014"
"Guanarteme","Visita guiada al jardín canario",70,"2013/2014"
"Guanarteme","Ruta cultural de norte",47,"2013/2014"
"Guanarteme","Feminicidios: un atentado contra los derechos humanos de las mujeres",13,"2013/2014"
"Guanarteme","Brik tour: banco de alimentos",47,"2013/2014"
"Guanarteme","Brik tour: cruz roja",39,"2013/2014"
"Guanarteme","Broches en fieltro",15,"2013/2014"
"Guanarteme","Papa Noel en goma Eva",9,"2013/2014"
"Guanarteme","Charla economía del hogar",13,"2013/2014"
"Guanarteme","Aprender a montar en bici",15,"2013/2014"
"Guanarteme","Ruta cultural a Tejeda",45,"2013/2014"
"Guanarteme","Ruta de senderismo",28,"2013/2014"
"Guanarteme","Iniciación informática",8,"2013/2014"
"Guanarteme","Iniciación informática",9,"2013/2014"
"Guanarteme","Estimulación de la memoria",15,"2013/2014"
"Guanarteme","Aprender a montar en bici",15,"2013/2014"
"Guanarteme","Ruta cultural al centro",37,"2013/2014"
"Guanarteme","Curso de Power Point",9,"2013/2014"
"Guanarteme","Aprender a moverte por la red",8,"2013/2014"
"Guanarteme","Iniciación informática",10,"2013/2014"
"Guanarteme","Manipulador de alimentos",20,"2013/2014"
"Guanarteme","Aprender a montar en bici",15,"2013/2014"
"Guanarteme","Ruta cultural del sureste",42,"2013/2014"
"Guanarteme","Ruta de senderismo",42,"2013/2014"
"Guanarteme","Como funciona la red",10,"2013/2014"
"Guanarteme","Como funciona la red",10,"2013/2014"
"Guanarteme","Hábitos saludables",15,"2013/2014"
"Guanarteme","Yoga",15,"2013/2014"
"Guanarteme","Aprender a montar en bici",16,"2013/2014"
"Guanarteme","Ruta cultural a Artenara",48,"2013/2014"
"Guanarteme","Kin-jo- presentación práctica",15,"2013/2014"
"Guanarteme","Manipulador de alimentos",20,"2013/2014"
"Guanarteme","Comida marroquí",18,"2013/2014"
"Guanarteme","Intercambios de libros",100,"2013/2014"
"Guanarteme","Encuadernación",15,"2013/2014"
"Guanarteme","Ruta de senderismo",44,"2013/2014"
"Guanarteme","Costura rápida",15,"2013/2014"
"Guanarteme","Aprender a montar en bici",15,"2013/2014"
"Guanarteme","Iniciación informática",10,"2013/2014"
"Guanarteme","Ruta cultural Valleseco",40,"2013/2014"
"Guanarteme","Ruta cultural a Agaete",46,"2013/2014"
"Guanarteme","Exposición Fragmentos de Josefina Pla",200,"2013/2014"
"Guanarteme","Iniciación informática",11,"2013/2014"
"Guanarteme","Visita guiada a fundación Juan Negrín",20,"2013/2014"
"Guanarteme","Sevillanas y rumbas",15,"2013/2014"
"Guanarteme","Repostería tradicional marroquí",19,"2013/2014"
"Guanarteme","Autoestima",15,"2013/2014"
"Guanarteme","Técnicas de pastwork",15,"2013/2014"
"Guanarteme","Visita guiada al castillo de la luz",25,"2013/2014"
"Guanarteme","Aprender a montar en bici",14,"2013/2014"
"Guanarteme","Iniciación al Yoga",15,"2013/2014"
"Guanarteme","Encuentro los cuatros elementos",28,"2013/2014"
"Guanarteme","Ruta a Teror",39,"2013/2014"
"Guanarteme","Empanada colombiana",15,"2013/2014"
"Guanarteme","Aprender a moverte por la red",10,"2013/2014"
"Guanarteme","Hierbas medicinales",35,"2013/2014"
"Guanarteme","Comida tradicional marroquí",15,"2013/2014"
"La Isleta","Repostería rápida",12,"2013/2014"
"La Isleta","Cosmética natural",12,"2013/2014"
"La Isleta","Senderismo ",28,"2013/2014"
"La Isleta","Yoga",15,"2013/2014"
"La Isleta","Taller de maquillaje y cuidado personal",15,"2013/2014"
"La Isleta","Taller de bisutería",14,"2013/2014"
"La Isleta","Taller de carnaval",15,"2013/2014"
"La Isleta","Ruta medioambiental a Osorio",20,"2013/2014"
"La Isleta","Taller de goma Eva",15,"2013/2014"
"La Isleta","Estimulación de la memoria",17,"2013/2014"
"La Isleta","Costura rápida",15,"2013/2014"
"La Isleta","Ruta de senderismo ""tajinaste azul""",45,"2013/2014"
"La Isleta","Creación de lamparas en cartón",15,"2013/2014"
"La Isleta","Visita cultural a santa lucia",35,"2013/2014"
"La Isleta","Realización de kokedama",15,"2013/2014"
"La Isleta","Arreglo  de ropa",15,"2013/2014"
"La Isleta","Risoterapia",12,"2013/2014"
"La Isleta","Manipulador alimentos",20,"2013/2014"
"La Isleta","Senderismo Fataga-Sta. Lucia",35,"2013/2014"
"La Isleta","Taichi",12,"2013/2014"
"La Isleta","Muñeca de trapo",15,"2013/2014"
"La Isleta","Decoración de abanicos",15,"2013/2014"
"La Isleta","Sesión practica manicura",7,"2013/2014"
"La Isleta","Ruta de senderismo drago centenario",34,"2013/2014"
"La Isleta","Sesión práctica de pedicura",12,"2013/2014"
"La Isleta","Excursión a Tamadaba",50,"2013/2014"
"Cono Sur","Prácticas de chi - kung",20,"2013/2014"
"Cono Sur","Eco huerto en macetas",15,"2013/2014"
"Cono Sur","Calado",6,"2013/2014"
"Cono Sur","Inglés para la empleabilidad",11,"2013/2014"
"Cono Sur","Aplicaciones de pastwork en camisetas",16,"2013/2014"
"Cono Sur","Ruta cultural a los siete lagares",27,"2013/2014"
"Cono Sur","Gallinas patilargas",10,"2013/2014"
"Cono Sur","Charla sobre el tratamiento ecológico de plagas y enfermedades",12,"2013/2014"
"Cono Sur","Ruta de las ermitas de Vegueta",9,"2013/2014"
"Cono Sur","Visita las cuevas de los canarios en la isleta",12,"2013/2014"
"Cono Sur","Encuentro solidario navidad",55,"2013/2014"
"Cono Sur","Decoración de cajas de madera",6,"2013/2014"
"Cono Sur","Empaquetado de regalos",11,"2013/2014"
"Cono Sur","Iniciación a la lucha del garrote canario",15,"2013/2014"
"Cono Sur","Ruta Galdós",7,"2013/2014"
"Cono Sur","Técnica vocal con ejercicios de respiración",43,"2013/2014"
"Cono Sur","Bolso de patchwork con técnica de bordado",16,"2013/2014"
"Cono Sur","Cestas con papel reciclado",15,"2013/2014"
"Cono Sur","Manipulador de alimentos",17,"2013/2014"
"Cono Sur","Pintar camisetas con ceras",16,"2013/2014"
"Cono Sur","Manipulador de alimentos",23,"2013/2014"
"Cono Sur","Elaboración de detalles en patchwork",17,"2013/2014"
"Cono Sur","Ruta cultural del sur",35,"2013/2014"
"Cono Sur","Iniciación al croché o ganchillo",8,"2013/2014"
"Lomo Blanco","Manipulador de alimentos",26,"2013/2014"
"Lomo Blanco","Lamparas recicladas",16,"2013/2014"
"Lomo Blanco","Locución y expresión oral para el empleo",15,"2013/2014"
"Lomo Blanco","Manipulador de alimentos",28,"2013/2014"
"Lomo Blanco","Locución y expresión oral para el empleo",12,"2013/2014"
"Lomo Blanco","Manipulador de alimentos",28,"2013/2014"
"Lomo Blanco","Manipulador de alimentos",28,"2013/2014"
"Lomo Blanco","Manipulador de alimentos alto riesgo",25,"2013/2014"
"Lomo Blanco","Exposición solidaria recogida de alimentos.",100,"2013/2014"
"Lomo Blanco","Menú de la india",17,"2013/2014"
"Lomo Blanco","Taller roscón de Reyes",16,"2013/2014"
"Lomo Blanco","Taller de nutrición como comer en la oficina",16,"2013/2014"
"Lomo Blanco","Taller manicura de uñas de porcelana",17,"2013/2014"
"Lomo Blanco","Encuentro solidario navideño",67,"2013/2014"
"Lomo Blanco","Estimulación de la memoria",16,"2013/2014"
"Lomo Blanco","El huerto en tú balcón",16,"2013/2014"
"Lomo Blanco","Menú cordobés",13,"2013/2014"
"Lomo Blanco","Herramientas para la creatividad",15,"2013/2014"
"Lomo Blanco","Exposición abanicos de carnaval",120,"2013/2014"
"Lomo Blanco","Manipulador de alimentos",24,"2013/2014"
"Lomo Blanco","Taller torrijas de carnaval",15,"2013/2014"
"Lomo Blanco","Elaboración de cócteles",15,"2013/2014"
"Lomo Blanco","Expresión y locución para el empleo",16,"2013/2014"
"Lomo Blanco","Exposición lo que llevo dentro",200,"2013/2014"
"Lomo Blanco","Decoración de camisetas",16,"2013/2014"
"Lomo Blanco","Manipulador de alimentos",20,"2013/2014"
"Lomo Blanco","Radio para adultos",16,"2013/2014"
"Lomo Blanco","Menú japones",18,"2013/2014"
"Lomo Blanco","Marcadores de libros muñequitas",14,"2013/2014"
"Lomo Blanco","Menú de la india",19,"2013/2014"
"Lomo Blanco","Menú marroquí",19,"2013/2014"
"Lomo Blanco","Exposición sala Lola Massieu",140,"2013/2014"
"Lomo Blanco","Salida cultural Valleseco",23,"2013/2014"
"Lomo Blanco","Repetición menú hindú",20,"2013/2014"
"Lomo Blanco","Repetición menú marroquí",17,"2013/2014"
"Lomo Blanco","Elaboración de pan",19,"2013/2014"
"Lomo Blanco","Exposición artesanos canarias",90,"2013/2014"
"Lomo Blanco","Pulseras artesanales",17,"2013/2014"
"Lomo Blanco","Menú canario quesos",17,"2013/2014"
"Lomo Blanco","Taller abalorios en cerámica",11,"2013/2014"
"Lomo Blanco","Bolsos reciclados con plásticos",15,"2013/2014"
"Ciudad Alta","Tonificación",15,"2013/2014"
"Ciudad Alta","Inglés para la atención al público",12,"2013/2014"
"Ciudad Alta","Papiroflexia, el arte de doblar el papel",14,"2013/2014"
"Ciudad Alta","Reciclamos: cosas que hacer con tus viejos vaqueros",21,"2013/2014"
"Ciudad Alta","Bolso en patchwork con bordado",15,"2013/2014"
"Ciudad Alta","Manualidades fáciles y ecológicas",13,"2013/2014"
"Ciudad Alta","Ruta senderismo Guayedra punta las arenas",31,"2013/2014"
"Ciudad Alta","Elaborar un muñeco navideño",16,"2013/2014"
"Ciudad Alta","Risoterapia, control del estrés",25,"2013/2014"
"Ciudad Alta","Elaborar detalles de navidad",17,"2013/2014"
"Ciudad Alta","Auto maquillaje",15,"2013/2014"
"Ciudad Alta","Fofucigüeña, goma Eva",14,"2013/2014"
"Ciudad Alta","Ruta escultórica Vegueta-Triana",8,"2013/2014"
"Ciudad Alta","Fiesta de navidad",66,"2013/2014"
"Ciudad Alta","Iniciación al Yoga Técnicas de relajación y meditación",22,"2013/2014"
"Ciudad Alta","Pintar camisetas con lápices de cera",16,"2013/2014"
"Ciudad Alta","Papiroflexia, el arte de doblar el papel",10,"2013/2014"
"Ciudad Alta","Manualidades variadas y ecológicas",14,"2013/2014"
"Ciudad Alta","Elaborar muñeco con técnicas de patchwork",15,"2013/2014"
"Ciudad Alta","Elaborar flores de telas para varias aplicaciones",16,"2013/2014"
"Ciudad Alta","Ruta senderismo los tilos de Moya",35,"2013/2014"
"Ciudad Alta","Elaborar bolso de mano con tetrabrick y telas",16,"2013/2014"
"Ciudad Alta","Costura rápida",15,"2013/2014"
"Ciudad Alta","Auto maquillaje",15,"2013/2014"
"Ciudad Alta","Elaborar un muñeco con técnicas de patchwork",15,"2013/2014"
"Ciudad Alta","Ruta cultural centro: jardín botánico y bodega tradicional",31,"2013/2014"
"Ciudad Alta","Decorar tarros reciclados de cristal",12,"2013/2014"
"Ciudad Alta","Tocados adornos para bodas y comuniones",16,"2013/2014"
"Ciudad Alta","Elaborar coneja en patchwork",16,"2013/2014"
"Ciudad Alta","Risoterapia: control del estrés",30,"2013/2014"
"Ciudad Alta","Elaborar un payaso en goma Eva",16,"2013/2014"
"Ciudad Alta","Ruta laguna Valleseco Arucas",38,"2013/2014"
"Ciudad Alta","Elaborar pulsera de hilo",12,"2013/2014"
"Ciudad Alta","Taller de encuadernación",15,"2013/2014"
"Ciudad Alta","Elaborar muñeca de trapo",16,"2013/2014"
"Ciudad Alta","Elaborar mantenedor de puerta",16,"2013/2014"
"Ciudad Alta","Aprender a leer una análisis clínico",16,"2013/2014"
"Ciudad Alta","Trabajos a dos agujas saquito patucos campanitas",15,"2013/2014"
"Ciudad Alta","Ruta cultural norte Bañaderos-Galdar",26,"2013/2014"
"Ciudad Alta","Ingles para camareros/as",15,"2013/2014"
"Ciudad Alta","Elaborar pareja novios en goma Eva",16,"2013/2014"
"Ciudad Alta","Cajas forradas y recicladas",16,"2013/2014"
"Ciudad Alta","Bordado sin aguja",15,"2013/2014"
"Ciudad Alta","Ruta senderismo Guía-Agaete",30,"2013/2014"
"UP CIUDAD ALTA","ABRIL 2015","Taller de encuadernación",15,"2014/2015"
"UP CIUDAD ALTA","ABRIL 2015","Muñecos de comunión en goma eva",16,"2014/2015"
"UP CIUDAD ALTA","ABRIL 2015","Bebé soft",15,"2014/2015"
"UP CIUDAD ALTA","ABRIL 2015","Lo que hay que saber sobre los anticoagulantes orales",13,"2014/2015"
"UP CIUDAD ALTA","ABRIL 2015","Tocados para comuniones",11,"2014/2015"
"UP CIUDAD ALTA","ABRIL 2015","Bolso de bebé y cambiador",15,"2014/2015"
"UP CIUDAD ALTA","ABRIL 2015","Estrella decorativa en cartulina",5,"2014/2015"
"UP CONO SUR","ABRIL 2015","Elaboración de adornos y centros para comuniones",14,"2014/2015"
"UP CONO SUR","ABRIL 2015","Neceser de valisette",15,"2014/2015"
"UP CONO SUR","ABRIL 2015","Charla ""alimentos somos lo que comemos""","-","2014/2015"
"UP CONO SUR","ABRIL 2015","Bolsa japonesa en tela ""Origami""",16,"2014/2015"
"UP CONO SUR","ABRIL 2015","Exposición "" vestimenta y complementos elaborados en telares y macramé""","-","2014/2015"
"UP CONO SUR","ABRIL 2015","Ruta cruz de Tejeda",45,"2014/2015"
"UP GUANARTEME","ABRIL 2015","Visita al castillo o de mata",30,"2014/2015"
"UP GUANARTEME","ABRIL 2015","Exposición dibujo y pintura",200,"2014/2015"
"UP GUANARTEME","ABRIL 2015","Iniciación Yoga",15,"2014/2015"
"UP GUANARTEME","ABRIL 2015","Aprender a montar en bici",15,"2014/2015"
"UP GUANARTEME","ABRIL 2015","Informática básica",9,"2014/2015"
"UP GUANARTEME","ABRIL 2015","Ruta Agaete histórico",40,"2014/2015"
"UP GUANARTEME","ABRIL 2015","Crema de limón para pastas al estilo ingles",15,"2014/2015"
"UP GUANARTEME","ABRIL 2015","Pollo relleno al estilo marroquí",15,"2014/2015"
"UP GUANARTEME","ABRIL 2015","Rancho canario",15,"2014/2015"
"UP GUANARTEME","ABRIL 2015","Varios con trapillos: collar, bufanda y abalorios",15,"2014/2015"
"UP GUANARTEME","ABRIL 2015","Cocina del mundo: coreana",15,"2014/2015"
"UP GUANARTEME","ABRIL 2015","Estética",15,"2014/2015"
"UP GUANARTEME","ABRIL 2015","Cocina marroquí-cuscús",15,"2014/2015"
"UP GUANARTEME","ABRIL 2015","Cocina marroquí",15,"2014/2015"
"UP GUANARTEME","ABRIL 2015","Yoga sahaja",15,"2014/2015"
"UP GUANARTEME","ABRIL 2015","Abc de la inteligencia emocional",15,"2014/2015"
"UP GUANARTEME","ABRIL 2015","La música por mujeres canarias",10,"2014/2015"
"UP GUANARTEME","ABRIL 2015","Aura-soma: terapia del color",20,"2014/2015"
"UP GUANARTEME","ABRIL 2015","Jornadas practicas de hábitos de vida saludable",30,"2014/2015"
"UP GUANARTEME","ABRIL 2015","Taller de danzas históricas",9,"2014/2015"
"UP GUANARTEME","ABRIL 2015","Visita al castillo o de mata",25,"2014/2015"
"UP GUANARTEME","ABRIL 2015","Ingles para principiantes",15,"2014/2015"
"UP GUANARTEME","ABRIL 2015","Iniciación a las redes sociales",15,"2014/2015"
"UP LA ISLETA","ABRIL 2015","Decoración de ropa con técnicas de pachtwork",9,"2014/2015"
"UP LA ISLETA","ABRIL 2015","Exposición de pinturas talleres arte plásticas","-","2014/2015"
"UP LA ISLETA","ABRIL 2015","Elaboración de objetos decorativos con cartón",6,"2014/2015"
"UP LA ISLETA","ABRIL 2015","Realización de kokedama",15,"2014/2015"
"UP LOMO BLANCO","ABRIL 2015","Como hacer un blog en la web",10,"2014/2015"
"UP LOMO BLANCO","ABRIL 2015","Como hacer bufandas y pañoletas de ganchillo",18,"2014/2015"
"UP LOMO BLANCO","ABRIL 2015","Iniciación a la cata de vinos y sidras",15,"2014/2015"
"UP LOMO BLANCO","ABRIL 2015","Habilidades en hostelería",14,"2014/2015"
"UP LOMO BLANCO","ABRIL 2015","Manipulador de alimentos",26,"2014/2015"
"UP LOMO BLANCO","ABRIL 2015","Menú italiano",16,"2014/2015"
"UP TAMARACEITE","ABRIL 2015","Ruta de senderismo Tenteniguada",42,"2014/2015"
"UP TAMARACEITE","ABRIL 2015","Taller de teatro para atrevidos","-","2014/2015"
"UP TAMARACEITE","ABRIL 2015","Iniciación al inglés",17,"2014/2015"
"UP TAMARACEITE","ABRIL 2015","Iniciación a la guitarra",16,"2014/2015"
"UP TAMARACEITE","ABRIL 2015","Taller de decoración de abanicos",10,"2014/2015"
"UP TAMARACEITE","ABRIL 2015","Iniciación a la informática",10,"2014/2015"
"UP CIUDAD ALTA","DICIEMBRE 2014","Auto maquillaje",18,"2014/2015"
"UP CIUDAD ALTA","DICIEMBRE 2014","Manualidades variadas y ecológicas",15,"2014/2015"
"UP CIUDAD ALTA","DICIEMBRE 2014","Elaborar un duende de navidad",20,"2014/2015"
"UP CIUDAD ALTA","DICIEMBRE 2014","Pintar en abanicos",10,"2014/2015"
"UP CIUDAD ALTA","DICIEMBRE 2014","Hacer un perrito con toallita de baño",7,"2014/2015"
"UP CIUDAD ALTA","DICIEMBRE 2014","Fiesta de navidad del centro",99,"2014/2015"
"UP CONO SUR","DICIEMBRE 2014","Dulce de coco",17,"2014/2015"
"UP CONO SUR","DICIEMBRE 2014","Encuentro de navidad","-","2014/2015"
"UP CONO SUR","DICIEMBRE 2014","Técnicas de bebé soft",12,"2014/2015"
"UP GUANARTEME","DICIEMBRE 2014","Pastel de langostinos",11,"2014/2015"
"UP GUANARTEME","DICIEMBRE 2014","Escalibada de verduras",15,"2014/2015"
"UP GUANARTEME","DICIEMBRE 2014","Iniciación al Yoga",15,"2014/2015"
"UP GUANARTEME","DICIEMBRE 2014","Elaboración polvorones",10,"2014/2015"
"UP GUANARTEME","DICIEMBRE 2014","Aprender a montar en bici",15,"2014/2015"
"UP GUANARTEME","DICIEMBRE 2014","Conejo salmorejo",15,"2014/2015"
"UP GUANARTEME","DICIEMBRE 2014","Manipulador de alimentos",15,"2014/2015"
"UP GUANARTEME","DICIEMBRE 2014","Dulces de almendras",15,"2014/2015"
"UP GUANARTEME","DICIEMBRE 2014","Depilación de cejas al estilo hindú",14,"2014/2015"
"UP GUANARTEME","DICIEMBRE 2014","Cocina árabe",15,"2014/2015"
"UP GUANARTEME","DICIEMBRE 2014","Movil-whatsapp",15,"2014/2015"
"UP GUANARTEME","DICIEMBRE 2014","Introducción a la meditación",20,"2014/2015"
"UP GUANARTEME","DICIEMBRE 2014","Panel de patchwork",15,"2014/2015"
"UP LA ISLETA","DICIEMBRE 2014","Manipulador alimentos",18,"2014/2015"
"UP LA ISLETA","DICIEMBRE 2014","Taller de adornos navideños",10,"2014/2015"
"UP LA ISLETA","DICIEMBRE 2014","Taller técnica de soft",15,"2014/2015"
"UP LA ISLETA","DICIEMBRE 2014","Ruta de la brea",40,"2014/2015"
"UP TAMARACEITE","DICIEMBRE 2014","Taller de radio locución y técnica",15,"2014/2015"
"UP TAMARACEITE","DICIEMBRE 2014","Curso de iniciación a la informática",17,"2014/2015"
"UP TAMARACEITE","DICIEMBRE 2014","Taller de iniciación al inglés",8,"2014/2015"
"UP TAMARACEITE","DICIEMBRE 2014","Iniciación a la guitarra",10,"2014/2015"
"UP CIUDAD ALTA","ENERO 2015","Yoga y técnicas de relajación",18,"2014/2015"
"UP CIUDAD ALTA","ENERO 2015","Reciclado de prendas de ropa con técnicas de patchwork",15,"2014/2015"
"UP CIUDAD ALTA","ENERO 2015","Elaborar bebé syra my doll house",20,"2014/2015"
"UP CIUDAD ALTA","ENERO 2015","Elaborar una brujita en goma eva",15,"2014/2015"
"UP CIUDAD ALTA","ENERO 2015","Técnica de repujado",10,"2014/2015"
"UP CIUDAD ALTA","ENERO 2015","Elaborar marcador de libro muñeca de trapo",10,"2014/2015"
"UP CIUDAD ALTA","ENERO 2015","Hacer una cajita de regalo con cartulinas",9,"2014/2015"
"UP CIUDAD ALTA","ENERO 2015","Ruta de la sal",28,"2014/2015"
"UP CONO SUR","ENERO 2015","Cesta tejida a trapillo",7,"2014/2015"
"UP CONO SUR","ENERO 2015","Tortas desayuno de la India",17,"2014/2015"
"UP CONO SUR","ENERO 2015","Elaboración de bolso en cartonaje",15,"2014/2015"
"UP CONO SUR","ENERO 2015","Gestionar el stress","-","2014/2015"
"UP CONO SUR","ENERO 2015","Elaboración de reloj cuco en patchwork",17,"2014/2015"
"UP CONO SUR","ENERO 2015","Ruta de senderismo los volcanes recientes",43,"2014/2015"
"UP GUANARTEME","ENERO 2015","Carne cochino",15,"2014/2015"
"UP GUANARTEME","ENERO 2015","Risoterapia",15,"2014/2015"
"UP GUANARTEME","ENERO 2015","Introducción a la informática",8,"2014/2015"
"UP GUANARTEME","ENERO 2015","Cocina marroquí",15,"2014/2015"
"UP GUANARTEME","ENERO 2015","Ruta de senderismo",45,"2014/2015"
"UP GUANARTEME","ENERO 2015","Aprender a montar en bici",15,"2014/2015"
"UP GUANARTEME","ENERO 2015","Ecoescucha",15,"2014/2015"
"UP LA ISLETA","ENERO 2015","Bolso de cartonaje",12,"2014/2015"
"UP LA ISLETA","ENERO 2015","Creación de necesswer",14,"2014/2015"
"UP LOMO BLANCO","ENERO 2015","Iniciación a la cata de vinos, para camareros",15,"2014/2015"
"UP LOMO BLANCO","ENERO 2015","Taller de video curriculum",12,"2014/2015"
"UP LOMO BLANCO","ENERO 2015","Manipulador de alimentos",25,"2014/2015"
"UP TAMARACEITE","ENERO 2015","Pintura al óleo con espátula",12,"2014/2015"
"UP TAMARACEITE","ENERO 2015","Iniciación al Internet",19,"2014/2015"
"UP TAMARACEITE","ENERO 2015","Taller de trapillo",15,"2014/2015"
"UP TAMARACEITE","ENERO 2015","Taller de zumba",14,"2014/2015"
"UP CIUDAD ALTA","FEBRERO 2015","Auto maquillaje",15,"2014/2015"
"UP CIUDAD ALTA","FEBRERO 2015","Lámpara con aplicaciones decorativas",16,"2014/2015"
"UP CIUDAD ALTA","FEBRERO 2015","Cesta trapillo",17,"2014/2015"
"UP CIUDAD ALTA","FEBRERO 2015","Taller social de radio",11,"2014/2015"
"UP CIUDAD ALTA","FEBRERO 2015","Decoloración y estampación de ropa",11,"2014/2015"
"UP CIUDAD ALTA","FEBRERO 2015","Bufanda hecha sin agujas",13,"2014/2015"
"UP CONO SUR","FEBRERO 2015","Auto depilación",17,"2014/2015"
"UP CONO SUR","FEBRERO 2015","Exposición de bolsos en tela y pañuelos (pintados con la técnica de seda)","-","2014/2015"
"UP CONO SUR","FEBRERO 2015","Tatuaje de henna",14,"2014/2015"
"UP CONO SUR","FEBRERO 2015","Diferentes tipos de salsa",13,"2014/2015"
"UP CONO SUR","FEBRERO 2015","Lienzo con decoupage",10,"2014/2015"
"UP GUANARTEME","FEBRERO 2015","Visita guiada a la fundación Juan Negrín",15,"2014/2015"
"UP GUANARTEME","FEBRERO 2015","Costura rápida",15,"2014/2015"
"UP GUANARTEME","FEBRERO 2015","Introducción a la informática",9,"2014/2015"
"UP GUANARTEME","FEBRERO 2015","Introducción al word",9,"2014/2015"
"UP GUANARTEME","FEBRERO 2015","Aprender a montar en bici",15,"2014/2015"
"UP GUANARTEME","FEBRERO 2015","Cocina del mundo cuscús",15,"2014/2015"
"UP GUANARTEME","FEBRERO 2015","Garbanzada",15,"2014/2015"
"UP GUANARTEME","FEBRERO 2015","Cocina del mundo corea",15,"2014/2015"
"UP GUANARTEME","FEBRERO 2015","Iniciación a la autoestima",20,"2014/2015"
"UP GUANARTEME","FEBRERO 2015","Victoria sponge-cake",15,"2014/2015"
"UP LA ISLETA","FEBRERO 2015","Estimulación de la memoria",12,"2014/2015"
"UP LA ISLETA","FEBRERO 2015","Decoración de sombreros",9,"2014/2015"
"UP LA ISLETA","FEBRERO 2015","Creación de panel decorativo",10,"2014/2015"
"UP LA ISLETA","FEBRERO 2015","Elaboración de cesta",10,"2014/2015"
"UP LOMO BLANCO","FEBRERO 2015","Fundas de cartonaje",13,"2014/2015"
"UP LOMO BLANCO","FEBRERO 2015","Taller de radio",12,"2014/2015"
"UP LOMO BLANCO","FEBRERO 2015","Menú de cabo verde",16,"2014/2015"
"UP LOMO BLANCO","FEBRERO 2015","Menú africano de Mali",19,"2014/2015"
"UP LOMO BLANCO","FEBRERO 2015","Ruta de las acequias",45,"2014/2015"
"UP LOMO BLANCO","FEBRERO 2015","Menú hindú",19,"2014/2015"
"UP LOMO BLANCO","FEBRERO 2015","Manipulador de alimentos",28,"2014/2015"
"UP LOMO BLANCO","FEBRERO 2015","Iniciación a la cata. sidra",15,"2014/2015"
"UP LOMO BLANCO","FEBRERO 2015","Preparación de montaditos",15,"2014/2015"
"UP TAMARACEITE","FEBRERO 2015","Taller de zumba",10,"2014/2015"
"UP TAMARACEITE","FEBRERO 2015","Taller de bailes latinos",32,"2014/2015"
"UP TAMARACEITE","FEBRERO 2015","Taller de constelaciones familiares",17,"2014/2015"
"UP TAMARACEITE","FEBRERO 2015","Ruta de senderismo pinar húmedo",45,"2014/2015"
"UP CIUDAD ALTA","JULIO 2015","Fofucha en hamaca","-","2014/2015"
"UP LOMO BLANCO","JULIO 2015","Cata de cervezas","-","2014/2015"
"UP LOMO BLANCO","JULIO 2015","Como realizar llaveros con toallas","-","2014/2015"
"UP TAMARACEITE","JULIO 2015","Creación de bolsos - toallas para playa","-","2014/2015"
"UP TAMARACEITE","JULIO 2015","Manipulador de alimentos","-","2014/2015"
"UP CIUDAD ALTA","JUNIO 2015","Recicla tus viejos vaqueros",18,"2014/2015"
"UP CIUDAD ALTA","JUNIO 2015","Fofucha en sofá",10,"2014/2015"
"UP CIUDAD ALTA","JUNIO 2015","Decoupage en bolso, pamela y sombrero",11,"2014/2015"
"UP CIUDAD ALTA","JUNIO 2015","Exposición talleres y actividades del centro","-","2014/2015"
"UP CIUDAD ALTA","JUNIO 2015","Fiesta de fin de curso",80,"2014/2015"
"UP CIUDAD ALTA","JUNIO 2015","Retrato exprés actividad cerrada",14,"2014/2015"
"UP CONO SUR","JUNIO 2015","Bolso y neceser de playa elaborado en patchwork",15,"2014/2015"
"UP CONO SUR","JUNIO 2015","Encuentro fin de curso. Teror - Osorio","-","2014/2015"
"UP CONO SUR","JUNIO 2015","Menú cordobés","-","2014/2015"
"UP CONO SUR","JUNIO 2015","Trapera canaria a ganchillo","-","2014/2015"
"UP CONO SUR","JUNIO 2015","Bordado en cinta","-","2014/2015"
"UP CONO SUR","JUNIO 2015","Restauración de muebles","-","2014/2015"
"UP GUANARTEME","JUNIO 2015","Cómo hacer crema de caléndula",15,"2014/2015"
"UP GUANARTEME","JUNIO 2015","Hábitos saludables","-","2014/2015"
"UP GUANARTEME","JUNIO 2015","Cocinas del mundo",15,"2014/2015"
"UP GUANARTEME","JUNIO 2015","Aprender a montar en bici",15,"2014/2015"
"UP GUANARTEME","JUNIO 2015","Artenara cultural","-","2014/2015"
"UP GUANARTEME","JUNIO 2015","Cocina canaria",15,"2014/2015"
"UP GUANARTEME","JUNIO 2015","Cocina marroquí",15,"2014/2015"
"UP GUANARTEME","JUNIO 2015","Excursión a los llanos de Ana López","-","2014/2015"
"UP LA ISLETA","JUNIO 2015","Risoterapia",14,"2014/2015"
"UP LA ISLETA","JUNIO 2015","Ruta arqueológica del sur","-","2014/2015"
"UP LA ISLETA","JUNIO 2015","Maquillaje","-","2014/2015"
"UP LA ISLETA","JUNIO 2015","Ruta arqueológica del norte","-","2014/2015"
"UP LA ISLETA","JUNIO 2015","Excursión","-","2014/2015"
"UP LA ISLETA","JUNIO 2015","Fiesta de clausura","-","2014/2015"
"UP LOMO BLANCO","JUNIO 2015","Entrega de diplomas",100,"2014/2015"
"UP LOMO BLANCO","JUNIO 2015","Como hacer un blog en la red",9,"2014/2015"
"UP LOMO BLANCO","JUNIO 2015","Manipulador de alimentos",18,"2014/2015"
"UP LOMO BLANCO","JUNIO 2015","Como decorar zapatillas, esclavas",10,"2014/2015"
"UP LOMO BLANCO","JUNIO 2015","Exposición de talleres permanentes",150,"2014/2015"
"UP TAMARACEITE","JUNIO 2015","Ruta de senderismo ruta bosque Doramas","-","2014/2015"
"UP TAMARACEITE","JUNIO 2015","Acto festivo de clausura del curso 2014 - 2015 (fiesta del sombrero)","-","2014/2015"
"UP TAMARACEITE","JUNIO 2015","Excursión a las mesas de Ana López","-","2014/2015"
"UP TAMARACEITE","JUNIO 2015","Pintura decorativa para calzado de verano","-","2014/2015"
"UP TAMARACEITE","JUNIO 2015","Exposición muestra del final del curso (casa de la cultura de Tamaraceite)","-","2014/2015"
"UP CIUDAD ALTA","MARZO 2015","Muñeca gorjus en goma eva",16,"2014/2015"
"UP CIUDAD ALTA","MARZO 2015","Risoterapia",21,"2014/2015"
"UP CIUDAD ALTA","MARZO 2015","Ruta de senderismo tajinaste azul",45,"2014/2015"
"UP CIUDAD ALTA","MARZO 2015","Pulseras de trapillo",10,"2014/2015"
"UP CIUDAD ALTA","MARZO 2015","Retrato exprés",13,"2014/2015"
"UP CIUDAD ALTA","MARZO 2015","Aprende a hacer patrones para boquillas de bolso",20,"2014/2015"
"UP CIUDAD ALTA","MARZO 2015","Muñeca para el reciclado de bolsas",14,"2014/2015"
"UP CONO SUR","MARZO 2015","Iniciación a la lucha del garrote canario",3,"2014/2015"
"UP CONO SUR","MARZO 2015","Monedero con anillas recicladas",12,"2014/2015"
"UP CONO SUR","MARZO 2015","Ruta etnográfica: la laguna de Valleseco - pico de Osorio - los castillos - Riquiánez - Arucas",50,"2014/2015"
"UP CONO SUR","MARZO 2015","Comida de la India",14,"2014/2015"
"UP GUANARTEME","MARZO 2015","Ruta de las tres grandes presas",28,"2014/2015"
"UP GUANARTEME","MARZO 2015","Iniciación a la autoestima",20,"2014/2015"
"UP GUANARTEME","MARZO 2015","Introducción a la informática",9,"2014/2015"
"UP GUANARTEME","MARZO 2015","Iniciación a Internet",10,"2014/2015"
"UP GUANARTEME","MARZO 2015","Manipulador de alimentos",20,"2014/2015"
"UP GUANARTEME","MARZO 2015","Aprender a montar en bici",15,"2014/2015"
"UP GUANARTEME","MARZO 2015","Aperitivos salados",15,"2014/2015"
"UP GUANARTEME","MARZO 2015","Cocina canaria- sancocho",15,"2014/2015"
"UP GUANARTEME","MARZO 2015","Cocina boliviana- empanada",15,"2014/2015"
"UP GUANARTEME","MARZO 2015","Documental: mujeres canarias",12,"2014/2015"
"UP GUANARTEME","MARZO 2015","Aura-soma",20,"2014/2015"
"UP GUANARTEME","MARZO 2015","La Pastela",10,"2014/2015"
"UP GUANARTEME","MARZO 2015","Como utilizar el whatsapp",15,"2014/2015"
"UP GUANARTEME","MARZO 2015","Huerto para jóvenes",15,"2014/2015"
"UP LA ISLETA","MARZO 2015","Tatuajes de henna",15,"2014/2015"
"UP LA ISLETA","MARZO 2015","Taller de arreglos de costura",14,"2014/2015"
"UP LA ISLETA","MARZO 2015","Creación de cuadros en decoupage",10,"2014/2015"
"UP LOMO BLANCO","MARZO 2015","Proyecto habilidades para la restauración",20,"2014/2015"
"UP LOMO BLANCO","MARZO 2015","Exposición""lo que llevo en mí cabeza""",150,"2014/2015"
"UP LOMO BLANCO","MARZO 2015","Pañoletas de ganchillo",18,"2014/2015"
"UP LOMO BLANCO","MARZO 2015","Repostería hindú",20,"2014/2015"
"UP LOMO BLANCO","MARZO 2015","Menú marroquí",19,"2014/2015"
"UP LOMO BLANCO","MARZO 2015","Bolsos y alpargatas",17,"2014/2015"
"UP TAMARACEITE","MARZO 2015","Ruta cruz de Tejeda",42,"2014/2015"
"UP TAMARACEITE","MARZO 2015","Taller de pintura al temple","-","2014/2015"
"UP TAMARACEITE","MARZO 2015","Taller de decoupage",12,"2014/2015"
"UP CIUDAD ALTA","MAYO 2015","Futbolistas en goma eva",12,"2014/2015"
"UP CIUDAD ALTA","MAYO 2015","Bolso técnica mixta",21,"2014/2015"
"UP CIUDAD ALTA","MAYO 2015","Inteligencia emocional",21,"2014/2015"
"UP CIUDAD ALTA","MAYO 2015","Muñeca de trapo",15,"2014/2015"
"UP CIUDAD ALTA","MAYO 2015","Alfiletero sombrerito",8,"2014/2015"
"UP CIUDAD ALTA","MAYO 2015","Exposición labores tejidas con rejillas pl´saticas","-","2014/2015"
"UP CONO SUR","MAYO 2015","Elaboración de montaditos",16,"2014/2015"
"UP CONO SUR","MAYO 2015","Menú ruso",18,"2014/2015"
"UP GUANARTEME","MAYO 2015","Senderismo",40,"2014/2015"
"UP GUANARTEME","MAYO 2015","Aprender a montar en bici",15,"2014/2015"
"UP GUANARTEME","MAYO 2015","Ruta cultural por Tejeda",40,"2014/2015"
"UP GUANARTEME","MAYO 2015","Introducción al power point",9,"2014/2015"
"UP GUANARTEME","MAYO 2015","Cocinas del mundo",15,"2014/2015"
"UP GUANARTEME","MAYO 2015","Potaje de berros",15,"2014/2015"
"UP GUANARTEME","MAYO 2015","Decoración de camisetas con patchwork",15,"2014/2015"
"UP GUANARTEME","MAYO 2015","Elaboración queso tinto",15,"2014/2015"
"UP GUANARTEME","MAYO 2015","Cocina marroquí-pollo con almendras",15,"2014/2015"
"UP GUANARTEME","MAYO 2015","Degustación",15,"2014/2015"
"UP GUANARTEME","MAYO 2015","Jornada de historia oral del barrio de Guanarteme",20,"2014/2015"
"UP LA ISLETA","MAYO 2015","Autoestima y cuidado de la imagen personal",12,"2014/2015"
"UP LA ISLETA","MAYO 2015","Creación de guardabolsas y manopla",8,"2014/2015"
"UP LA ISLETA","MAYO 2015","Elaboración de muñeca de trapo canaria",15,"2014/2015"
"UP LA ISLETA","MAYO 2015","Elaboración de estuche de boquilla",15,"2014/2015"
"UP LOMO BLANCO","MAYO 2015","Exposición lo que llevo en mí cabeza""san francisco de paula""",70,"2014/2015"
"UP LOMO BLANCO","MAYO 2015","Ruta curva del agua",32,"2014/2015"
"UP LOMO BLANCO","MAYO 2015","Exposición de artesanía",140,"2014/2015"
"UP LOMO BLANCO","MAYO 2015","Iniciación a la cata de cervezas",16,"2014/2015"
"UP LOMO BLANCO","MAYO 2015","Habilidades en hostelería",22,"2014/2015"
"UP LOMO BLANCO","MAYO 2015","Mojos canarios",16,"2014/2015"
"UP LOMO BLANCO","MAYO 2015","Manipulador de alimentos",19,"2014/2015"
"UP TAMARACEITE","MAYO 2015","Visita cultural al museo de la ciencia y el mar en el castillo de Mata",27,"2014/2015"
"UP TAMARACEITE","MAYO 2015","Taller pintura en telas","-","2014/2015"
"UP TAMARACEITE","MAYO 2015","Taller de iniciación al Internet","-","2014/2015"
"UP CIUDAD ALTA","NOVIEMBRE 2014","Costura básica para principiantes",16,"2014/2015"
"UP CIUDAD ALTA","NOVIEMBRE 2014","Elaborar una muñeca de patchwork",15,"2014/2015"
"UP CIUDAD ALTA","NOVIEMBRE 2014","Elaborar pulseras y brazaletes con materiales reciclados",15,"2014/2015"
"UP CIUDAD ALTA","NOVIEMBRE 2014","Manipulador de alimentos",29,"2014/2015"
"UP CIUDAD ALTA","NOVIEMBRE 2014","Elaborar portaretrato con muñeca de goma eva",15,"2014/2015"
"UP CIUDAD ALTA","NOVIEMBRE 2014","Campaña de recogida de alimentos","-","2014/2015"
"UP CIUDAD ALTA","NOVIEMBRE 2014","Encuentro para decoración del centro.",30,"2014/2015"
"UP CONO SUR","NOVIEMBRE 2014","Ruta de senderismo",31,"2014/2015"
"UP CONO SUR","NOVIEMBRE 2014","Manipulador de alimentos",19,"2014/2015"
"UP CONO SUR","NOVIEMBRE 2014","Kokedama",15,"2014/2015"
"UP CONO SUR","NOVIEMBRE 2014","Detalle a punto de cruz","-","2014/2015"
"UP CONO SUR","NOVIEMBRE 2014","Encuentro de navidad",60,"2014/2015"
"UP GUANARTEME","NOVIEMBRE 2014","Entrenando la memoria",15,"2014/2015"
"UP GUANARTEME","NOVIEMBRE 2014","Ruta etnográfica: barranco Guiniguada",20,"2014/2015"
"UP GUANARTEME","NOVIEMBRE 2014","Excursión cultural: Valsequillo",55,"2014/2015"
"UP GUANARTEME","NOVIEMBRE 2014","Caldo macho",10,"2014/2015"
"UP GUANARTEME","NOVIEMBRE 2014","Introducción a Internet",9,"2014/2015"
"UP GUANARTEME","NOVIEMBRE 2014","Cocina marroquí",18,"2014/2015"
"UP GUANARTEME","NOVIEMBRE 2014","Charla de feng shui",25,"2014/2015"
"UP GUANARTEME","NOVIEMBRE 2014","Aprender a montar en bici",15,"2014/2015"
"UP LOMO BLANCO","NOVIEMBRE 2014","Camisetas decoradas. Recogida de alimentos",120,"2014/2015"
"UP LOMO BLANCO","NOVIEMBRE 2014","Menú marroquí.",18,"2014/2015"
"UP LOMO BLANCO","NOVIEMBRE 2014","Iniciación a la cata de vinos",15,"2014/2015"
"UP LOMO BLANCO","NOVIEMBRE 2014","Ruta castañedos",43,"2014/2015"
"UP LOMO BLANCO","NOVIEMBRE 2014","Taller bolsos de cartonaje",18,"2014/2015"
"UP LOMO BLANCO","NOVIEMBRE 2014","Taller de iniciación al calado",15,"2014/2015"
"UP LOMO BLANCO","NOVIEMBRE 2014","Iniciación a la informática, para mayores",10,"2014/2015"
"UP TAMARACEITE","NOVIEMBRE 2014","Taller de iniciación a la acuarela",12,"2014/2015"
"UP TAMARACEITE","NOVIEMBRE 2014","Taller acercándonos a la sexualidad",21,"2014/2015"
"UP TAMARACEITE","NOVIEMBRE 2014","Curso de iniciación a la informática",17,"2014/2015"
"UP TAMARACEITE","NOVIEMBRE 2014","Taller de zumba",8,"2014/2015"
"UP CIUDAD ALTA","OCTUBRE 2014","Ruta senderismo cazadores",27,"2014/2015"
"UP CIUDAD ALTA","OCTUBRE 2014","Aprender a pintar caras de muñecos",15,"2014/2015"
"UP CONO SUR","OCTUBRE 2014","Teñido de prendas de vestir",12,"2014/2015"
"UP CONO SUR","OCTUBRE 2014","Ruta cultural por Valleseco",44,"2014/2015"
"UP CONO SUR","OCTUBRE 2014","Huerto ecológico en macetas",7,"2014/2015"
"UP GUANARTEME","OCTUBRE 2014","Huerto urbano",15,"2014/2015"
"UP GUANARTEME","OCTUBRE 2014","Ciber up","-","2014/2015"
"UP GUANARTEME","OCTUBRE 2014","Club de lecturas","-","2014/2015"
"UP GUANARTEME","OCTUBRE 2014","Escritura creativa",15,"2014/2015"
"UP GUANARTEME","OCTUBRE 2014","Informática básica",9,"2014/2015"
"UP GUANARTEME","OCTUBRE 2014","Ruta urbana",15,"2014/2015"
"UP GUANARTEME","OCTUBRE 2014","Celebración finaos",200,"2014/2015"
"UP GUANARTEME","OCTUBRE 2014","Ruta del valle Agaete",32,"2014/2015"
"UP GUANARTEME","OCTUBRE 2014","Carajacas",12,"2014/2015"
"UP GUANARTEME","OCTUBRE 2014","Recogida de tapones solidarios","-","2014/2015"
"UP GUANARTEME","OCTUBRE 2014","Abc de la inteligencia emocional",16,"2014/2015"
"UP GUANARTEME","OCTUBRE 2014","Dulces marroquís",18,"2014/2015"
"UP LA ISLETA","OCTUBRE 2014","Taller de punto de cruz",9,"2014/2015"
"UP LA ISLETA","OCTUBRE 2014","Ruta el Confital-las salinas",12,"2014/2015"
"UP LA ISLETA","OCTUBRE 2014","Curso de adiestramiento de perros",10,"2014/2015"
"UP LA ISLETA","OCTUBRE 2014","Ruta de los acebuches",40,"2014/2015"
"UP LOMO BLANCO","OCTUBRE 2014","Taller galletas artesanales",16,"2014/2015"
"UP LOMO BLANCO","OCTUBRE 2014","Manipulación de alimentos",19,"2014/2015"
"UP LOMO BLANCO","OCTUBRE 2014","Locución y expresión oral para el empleo",13,"2014/2015"
"UP LOMO BLANCO","OCTUBRE 2014","Manipulación de alimentos",23,"2014/2015"