"INVENTARIO","MATR�CULA","CLASE","MARCA","MODELO","DESTINO"
23,"GC-9062-AK","FURGONETA MIXTA","MITSUBISHI","MONTERO 2,5 TURBO","P"
42,"GC-4233-AP","FURGON","MITSUBISHI","L 300 PANEL LON","P"
52,"GC-9794-AZ","CAMION FURGON","NISSAN","TRADE","P"
56,"GC-2543-BB","JEEP FURGONETA MIXTA","TOYOTA","LAND CRUISER HARD","P"
164,"GC-01189-VE","PALA CARGADORA","JCB","425","SML"
177,"GC-3843-Z","TURISMO","MERCEDES BENZ","300 E","AL"
195,"-----","","RIOR HATZ","BOMBA ALCANTARILLADO","AC"
204,"GC-0962-U","MOTOCICLETA","VESPA","200 CC","TM"
224,"GC-3415-BB","CAMION ASPIRADOR DE FANGOS","MERCEDES BENZ","","AC"
227,"GC-8947-AD","FURGON","TOYOTA","HIACE","B"
239,"GC-2384-AD","CAMION CUBA","PEGASO","DUARRY BRIO 520","SML"
243,"GC-2074-AS","CAMION","MERCEDES BENZ","2628","B"
248,"GC-7752-AU","CAMION","MERCEDES BENZ","1929","SML"
249,"GC-7753-AU","CAMION","MERCEDES BENZ","1929","B"
250,"GC-7754-AU","CAMION","MERCEDES BENZ","1929","SML"
260,"-----","","","","A"
272,"GC-0383-Y","VEHICULO LIGERO","RENAULT","4 TL","SML"
273,"GC-9493-AJ","FURGON","RENAULT","4 TL","SML"
274,"GC-2089-F","VOLQUETE","PEGASO","109 DIESEL","SML"
275,"GC-2090-F","VOLQUETE","PEGASO","109 DIESEL","SML"
278,"GC-9883-AP","TURISMO TODO TERRENO","LAND ROVER","2.5 DL.TO","SML"
282,"GC-5788-AU","TURISMO","RENAULT","DRIVE 5 PTAS.","SML"
283,"GC-1728-AC","VEHICULO","RENAULT","P-6","SML"
285,"GC-3609-S","CAMION","EBRO","L60-37P","SML"
290,"GC-3674-AD","CAMION DOBLE CABINA","EBRO","L.80.2","SML"
292,"GC-1461-AS","CAMION VOLQUETE","NISSAN","L-80.09/03 DC","SML"
295,"GC-0951-U","CAMION VOLQUETE","EBRO","F275","SML"
299,"GC-3544-I","CAMION GRUA","BARREIROS","D20E","SML"
306,"GC-6900-AV","CAMION CISTERNA","MERCEDES BENZ","1922/48","SML"
307,"GC-6901-AV","CAMION CISTERNA","MERCEDES BENZ","","SML"
308,"GC-6902-AV","CAMION CISTERNA","MERCEDES BENZ","","SML"
309,"GC-6903-AV","CAMION CISTERNA","MERCEDES BENZ","","SML"
310,"GC-6904-AV","CAMION CISTERNA","MERCEDES BENZ","","SML"
311,"GC-6905-AV","CAMION CISTERNA","MERCEDES BENZ","","SML"
313,"GC-1727-AC","VEHICULO","RENAULT","F6","SML"
314,"GC-5437-AS","FURGONETA","RENAULT","R4","SML"
315,"GC-5431-AS","FURGONETA","RENAULT","R 4","SML"
316,"GC-5787-AU","TURISMO","RENAULT","DRIVE 5 PTAS.","SML"
321,"GC-3736-I","AMPLIROLL","BARREIROS","4220 B","SML"
322,"GC-3601-AT","CAMION GRUA","MERCEDES BENZ","709D/37","SML"
323,"GC-9779-O","AMPLIROLL","PEGASO","1135 L","SML"
324,"GC-7982-AW","AMPLIROLL","MERCEDES BENZ","1922/48","SML"
325,"GC-7983-AW","AMPLIROLL","MERCEDES BENZ","1922/48","SML"
326,"GC-9994-AW","CAMION GRUA","MERCEDES BENZ","709D/37","SML"
327,"GC-1668-AY","AMPLIROLL","MERCEDES BENZ","1922/48","SML"
332,"GC-9885-U","CAMION RECOLECTOR","PEGASO","1217","SML"
336,"GC-9979-U","CAMION RECOLECTOR","PEGASO","1217","SML"
337,"GC-9981-U","CAMION RECOLECTOR","PEGASO","1217","SML"
338,"GC-3973-V","CAMION","RENAULT","D20E","SML"
341,"GC-3976-V","CAMION RECOLECTOR","RENAULT","D20E","SML"
342,"GC-3977-V","CAMION RECOLECTOR","RENAULT","D20E","SML"
344,"GC-3980-V","CAMION RECOLECTOR","RENAULT","D20E","SML"
346,"GC-4064-V","CAMION RECOLECTOR","RENAULT","D20E","SML"
347,"GC-4065-V","CAMION RECOLECTOR","RENAULT","D20E","SML"
348,"GC-4067-V","CAMION GRUA","RENAULT","D20E","SML"
350,"GC-1147-Y","CAMION RECOLECTOR","RENAULT","D20E","SML"
356,"GC-5276-AS","CAMION RECOLECTOR","RENAULT","DG220","SML"
357,"GC-7200-AU","CAMION RECOLECTOR","MERCEDES BENZ","1922/48","SML"
359,"GC-7202-AU","CAMION RECOLECTOR","MERCEDES BENZ","1922/48","SML"
360,"GC-7203-AU","CAMION RECOLECTOR","MERCEDES BENZ","1922/48","SML"
361,"GC-7204-AU","CAMION RECOLECTOR","MERCEDES BENZ","1922/48","SML"
362,"GC-7205-AU","CAMION RECOLECTOR","MERCEDES BENZ","1922/48","SML"
363,"GC-1172-AZ","CAMION RECOLECTOR COMPACTADOR","MERCEDES BENZ","1922/48","SML"
364,"GC-1173-AZ","CAMION RECOLECTOR COMPACTADOR","MERCEDES BENZ","1922/48","SML"
365,"GC-1174-AZ","CAMION RECOLECTOR COMPACTADOR","MERCEDES BENZ","1922/48","SML"
367,"GC-1176-AZ","CAMION RECOLECTOR COMPACTADOR","MERCEDES BENZ","1922/48","SML"
368,"GC-1177-AZ","CAMION RECOLECTOR COMPACTADOR","MERCEDES BENZ","1922/48","SML"
369,"GC-7211-G","GUAGUA","PEGASO","5064-A","SML"
371,"GC-9491-AJ","TURISMO","RENAULT","R4","SML"
372,"GC-9492-AJ","TURISMO","RENAULT","R4","SML"
373,"GC-5919-AS","TURISMO","RENAULT","R 5 FIVE","SML"
374,"GC-5918-AS","TURISMO","RENAULT","R 5 FIVE","SML"
375,"GC-5920-AS","TURISMO","RENAULT","R 5 FIVE","SML"
376,"GC-5916-AS","TURISMO","RENAULT","R 5 FIVE","SML"
377,"GC-5917-AS","TURISMO","RENAULT","R 5 FIVE","SML"
379,"GC-8334-BC","TURISMO","RENAULT","R 19 RT 1800","IR"
380,"GC-6292-BD","CAMION MIXTO","MERCEDES BENZ","814 D","B"
387,"GC-9050-BF","FURGON","RENAULT","TRAFIC T113","SML"
389,"GC-8335-BH","CAMION CAJA","IVECO","59 E 12","A"
391,"GC-8337-BH","CAMION CAJA","IVECO","85 E 18","A"
392,"GC-9780-BG","TURISMO","FIAT","PUNTO 55-S  5P","V"
393,"GC-9782-BG","TURISMO","FIAT","PUNTO 55-S  5P","V"
394,"GC-9781-BG","VEHICULO MIXTO ADAPTABLE","FIAT","DUCATO COMBI","C"
395,"GC-2655-BK","AUTOBOMBA","MERCEDES BENZ","2031","B"
398,"GC-6595-BJ","CAMION FURGON","IVECO","30-8.1","P"
402,"GC-3986-BK","FURGONETA MIXTA","NISSAN","PATROL","P"
403,"GC-3987-BK","FURGONETA MIXTA","NISSAN","PATROL","ADM"
404,"LM-27065","CICLOMOTOR","PIAGGIO","TYPHOON","SML"
405,"LM-27066","CICLOMOTOR","PIAGGIO","TYPHOON","SML"
406,"LM-27067","CICLOMOTOR","PIAGGIO","TYPHOON","SML"
407,"LM-27068","CICLOMOTOR","PIAGGIO","TYPHOON","SML"
408,"LM-27069","CICLOMOTOR","PIAGGIO","TYPHOON","SML"
409,"LM-27070","CICLOMOTOR","PIAGGIO","TYPHOON","SML"
410,"LM-27071","CICLOMOTOR","PIAGGIO","TYPHOON","SML"
411,"LM-27072","CICLOMOTOR","PIAGGIO","TYPHOON","SML"
412,"LM-27073","CICLOMOTOR","PIAGGIO","TYPHOON","SML"
413,"LM-27074","CICLOMOTOR","PIAGGIO","TYPHOON","SML"
414,"GC-1306-BM","VEHICULO MIXTO ADAPTABLE","FIAT","DUCATO COMBI","SML"
416,"GC-8970-BJ","TURISMO FURGONETA","RENAULT","4L EXPRESS","SML"
417,"GC-8969-BJ","TURISMO FURGONETA","RENAULT","4L EXPRESS","SML"
418,"GC-8968-BJ","TURISMO FURGONETA","RENAULT","4L EXPRESS","SML"
419,"GC-8967-BJ","TURISMO FURGONETA","RENAULT","4L EXPRESS","SML"
420,"GC-2582-BK","CAMION DOBLE CABINA","NISSAN","L80.095","SML"
421,"GC-2581-BK","CAMION DOBLE CABINA","NISSAN","L80.095","SML"
422,"GC-5001-BL","CAMION RECOLECTOR COMPACTADOR","SCANIA","","SML"
426,"GC-02674-R","CAMION CISTERNA","MERCEDES BENZ","1C5A0S","PC"
427,"GC-4731-BS","TURISMO","VOLVO","","AL"
429,"GC-5907-BP","CAMION CISTERNA","MERCEDES BENZ","1520","B"
438,"GC-2399-BT","TURISMO","RENAULT","MEGANE","P"
444,"GC-9644-BU","VEHICULO MIXTO ADAPTABLE","RENAULT","EXPRESS EXTRA COMBI 1.4","O"
445,"GC-9645-BU","VEHICULO MIXTO ADAPTABLE","RENAULT","EXPRESS EXTRA COMBI 1.4","C"
446,"GC-6878-BT","TURISMO","RENAULT","MEGANE","SML"
447,"GC-2025-VE","BARREDORA","JOHNSTON","BRITAIN 2.0","SML"
448,"GC-2026-VE","BARREDORA","JOHNSTON","BRITAIN 2.0","SML"
449,"GC-2117-VE","BARREDORA ASPIRADORA","MAD-VAC","D101","SML"
450,"GC-2118-VE","BARREDORA ASPIRADORA","MAD-VAC","D101","SML"
451,"GC-1510-BW","FURGON","NISSAN","T100 LTA","SML"
452,"GC-9039-BV","FURGON","MERCEDES BENZ","308D/35 SPRINTER","P"
454,"GC-1509-BW","TURISMO TODO TERRENO","NISSAN","TTDT S-A","SML"
455,"GC-5061-BV","TURISMO","RENAULT","LAGUNA 2.0","TM"
460,"GC-2865-BW","MOTOCICLETA","YAMAHA","4KM XJ900S","P"
471,"C-9656-BCM","CICLOMOTOR","SUZUKI","71 EWQ","AR"
472,"GC-0687-BX","CAMION MIXTO","LAND ROVER","DEFENDER 130","B"
473,"GC-0688-BX","CAMION MIXTO","LAND ROVER","DEFENDER 130","B"
478,"GC-3754-BX","FURGONETA","SEAT","INCA 1.6","A"
479,"GC-3755-BX","TURISMO","SEAT","CORDOBA VARIO 1.6","U"
480,"GC-3756-BX","TURISMO","SEAT","TOLEDO 1.9 T.D.I","CDTSLT"
481,"GC-3757-BX","VEHICULO MIXTO ADAPTABLE","SEAT","INCA 1.4","TM"
485,"GC-9079-BX","FURGONETA","SEAT","INCA 1.4","IMEF"
486,"GC-5001-BW","CAMION RECOLECTOR COMPACTADOR","SCANIA","P 94GB","SML"
488,"","REMOLQUE EMBARCACIONES","SANCHIS","CANADA 5.0 C/F","B"
489,"","REMOLQUE EMBARCACIONES","SANCHIS","CANADA 5.0 C/F","B"
490,"","GRUPO ELECTROGENO","G.M.I.","G.M.I.- DA1","PL"
491,"GC-4313-BY","CAMION MIXTO","IVECO","59 E 12","TM"
493,"LADY HARIMAG","INTRABORDA","FORCE/SPORT JET","DUARRY BRIO 520","PC"
494,"EL ATLANTE","INTRABORDA","FORCE/SPORT JET","DUARRY BRIO 520","PC"
496,"GC-7247-BY","CAMION MIXTO","LAND ROVER","DEFENDER 130","PC"
497,"GC-2182-VE","BARREDORA","JOHNSTON","BRITAIN 2.0","SML"
498,"GC-2183-VE","BARREDORA","JOHNSTON","BRITAIN 2.0","SML"
499,"GC-7511-BW","LAVACONTENEDORES","SCANIA","P94GB4X2NZ220CV","SML"
500,"GC-7512-BW","LAVACONTENEDORES","SCANIA","P94GB4X2NZ220CV","SML"
501,"GC-2184-VE","MAQUINA FREGADORA","TENNANT","7400D","SML"
503,"GC-2186-VE","MAQUINA FREGADORA","TENNANT","7400D","SML"
504,"GC-0294-BZ","TURISMO","VOLKSWAGEN","POLO VAR. 1.6 5V","CDVCST"
505,"GC-2303-VE","BARREDORA ASPIRADORA","APPLIED","414RS","SML"
506,"GC-2302-VE","BARREDORA ASPIRADORA","APPLIED","414RS","SML"
507,"GC-8657-BZ","CAMION CUBA","SCANIA","P94DB NZ","SML"
508,"GC-8658-BZ","CAMION CUBA","SCANIA","P94DB NZ","SML"
509,"GC-8569-BZ","CAMION CUBA","SCANIA","P94DB NZ","SML"
510,"GC-2501-CB","CAMION RECOLECTOR","SCANIA","P94DB6X2*4NA","SML"
511,"GC-2502-CB","CAMION RECOLECTOR","SCANIA","P94DB6X2*4NA","SML"
512,"GC-2503-CB","CAMION RECOLECTOR","SCANIA","P94DB6X2*4NA","SML"
513,"GC-02391-VE","PALA CARGADORA","CATERPILLAR","428CX","SML"
516,"GC-3280-CB","CAMION MIXTO","NISSAN","PICK UP","CDTSLT"
517,"GC-8370-CB","TURISMO","NISSAN","ALMERA","STT"
518,"GC-0517-CC","FURGONETA","SEAT","INCA 1.4","IMEF"
519,"GC-2836-CC","MOTOCICLETA","HONDA","NT 650","P"
520,"GC-2837-CC","MOTOCICLETA","HONDA","NT 650","P"
521,"GC-2838-CC","MOTOCICLETA","HONDA","NT 650","P"
522,"GC-2839-CC","MOTOCICLETA","HONDA","NT 650","P"
523,"GC-2840-CC","MOTOCICLETA","HONDA","NT 650","P"
524,"GC-2841-CC","MOTOCICLETA","HONDA","NT 650","P"
525,"GC-2842-CC","MOTOCICLETA","HONDA","NT 650","P"
528,"----","REMOLQUE","HOYO","SEYALIZACION","PYJ"
529,"GC-8775-CC","VEHICULO MIXTO ADAPTABLE","MERCEDES BENZ","108 CDI","P"
530,"GC-9511-CC","TURISMO","NISSAN","ALMERA","P"
531,"GC-9512-CC","TURISMO","NISSAN","ALMERA","P"
536,"GC-9517-CC","TURISMO","NISSAN","ALMERA","P"
540,"GC-5471-CD","CAMION RECOLECTOR","SCANIA","P94DB4X2NZ","SML"
541,"GC-5472-CD","CAMION RECOLECTOR","SCANIA","P94DB4X2NZ","SML"
542,"GC-5473-CD","CAMION RECOLECTOR","SCANIA","P94DB4X2NZ","SML"
545,"GC-0604-CF","VEHICULO MIXTO ADAPTABLE","SEAT","INCA 1.4","I"
546,"GC-5566-CF","TURISMO","NISSAN","ALMERA","P"
549,"GC-5569-CF","TURISMO","NISSAN","ALMERA","P"
550,"GC-5570-CF","TURISMO","NISSAN","ALMERA","P"
551,"GC-5571-CF","TURISMO","NISSAN","ALMERA","P"
552,"GC-5572-CF","TURISMO","NISSAN","ALMERA","P"
553,"GC-5573-CF","VEHICULO MIXTO ADAPTABLE","NISSAN","VANETTE CARGO","P"
554,"GC-2975-CG","TURISMO","SSANGYONG","MUSSO 4 X 4 WAGON","ES"
555,"","BICICLETA","","MONTA�A","STT"
556,"","BICICLETA","","MONTA�A","STT"
557,"","BICICLETA","","MONTA�A","STT"
558,"","BICICLETA","","MONTA�A","STT"
559,"","BICICLETA","","MONTA�A","STT"
560,"","BICICLETA","","MONTA�A","STT"
561,"","BICICLETA","","MONTA�A","STT"
562,"","BICICLETA","","MONTA�A","STT"
563,"","BICICLETA","","MONTA�A","STT"
564,"","BICICLETA","","MONTA�A","STT"
565,"GC-8448-CF","VEHICULO MIXTO ADAPTABLE","NISSAN","TRADE","P"
566,"GC-7669-CG","TURISMO TODO TERRENO","NISSAN","PICK UP","M"
567,"GC-6640-CF","CAMION RECOLECTOR COMPACTADOR","IVECO","80E14","SML"
568,"GC-6642-CF","CAMION RECOLECTOR COMPACTADOR","IVECO","80E14","SML"
570,"GC-6641-CF","CAMION RECOLECTOR COMPACTADOR","IVECO","80E14","SML"
571,"GC-2222-CC","LAVACONTENEDORES","SCANIA","94L4X2-43","SML"
572,"GC-9184-CC","AMPLIROLL","SCANIA","P 94GB","SML"
575,"C-4727-BCM","CICLOMOTOR","SUZUKI","P 94GB","AR"
576,"GC-2784-CB","CAMION CAJA","IVECO","35E10","SML"
577,"GC-2785-CB","CAMION CUBA","IVECO","35E10","SML"
578,"GC-2786-CB","CAMION CUBA","IVECO","35E10","SML"
579,"GC-2787-CB","CAMION CUBA","IVECO","35E10","SML"
580,"GC-2788-CB","CAMION CISTERNA","IVECO","35E10","SML"
581,"GC-2789-CB","CAMION CAJA","IVECO","35E10","SML"
582,"GC-2790-CB","CAMION CAJA","IVECO","35E10","SML"
583,"GC-2791-CB","CAMION CAJA","IVECO","35E10","SML"
584,"GC-8468-CB","VEHICULO MIXTO ADAPTABLE","RENAULT","KC0D","SML"
585,"GC-8469-CB","VEHICULO MIXTO ADAPTABLE","RENAULT","KC0D","SML"
586,"GC-3061-CH","VEHICULO MIXTO ADAPTABLE","NISSAN","VANETTE CARGO","PC"
587,"GC-2950-CH","VEHICULO MIXTO ADAPTABLE","SEAT","INCA 1.4","A"
588,"GC-2951-CH","TURISMO","SEAT","IBIZA 1.4 5V 5P","A"
590,"GC-6634-CH","AMPLIROLL","SCANIA","P94GB4X2NZ260CV","SML"
591,"GC-2784-CB","CAMION","IVECO","85 E 15","SML"
592,"GC-7588-CJ","CAMION","IVECO","85 E 15","SML"
593,"GC-7589-CJ","CAMION","IVECO","85 E 15","SML"
594,"GC-7587-CJ","CAMION","IVECO","85 E 15","SML"
595,"GC-0512-CJ","MOTOCICLETA","HONDA","TRANSALP 600","P"
596,"GC-0513-CJ","MOTOCICLETA","HONDA","TRANSALP 600","P"
597,"GC-0514-CJ","MOTOCICLETA","HONDA","TRANSALP 600","P"
598,"GC-0515-CJ","MOTOCICLETA","HONDA","TRANSALP 600","P"
599,"GC-0517-CJ","MOTOCICLETA","HONDA","TRANSALP 600","P"
600,"GC-0518-CJ","MOTOCICLETA","HONDA","TRANSALP 600","P"
601,"GC-0519-CJ","MOTOCICLETA","HONDA","TRANSALP 600","P"
603,"GC-0521-CJ","MOTOCICLETA","HONDA","TRANSALP 600","P"
604,"GC-0545-CJ","MOTOCICLETA","HONDA","TRANSALP 600","P"
605,"GC-3007-CB","TURISMO","RENAULT","CLIO","SML"
606,"GC-3008-CB","TURISMO","RENAULT","CLIO","SML"
608,"GC-3010-CB","TURISMO","RENAULT","CLIO","SML"
609,"GC-3011-CB","TURISMO","RENAULT","CLIO","SML"
610,"GC-3012-CB","TURISMO","RENAULT","CLIO","SML"
614,"GC-0365-CK","CAMION GRUA","NISSAN","ECO-T","A"
616,"GC-1330-CL","TURISMO","SEAT","CORDOBA VARIO 1.6","B"
617,"GC-6954-CK","CAMION DOBLE CABINA","IVECO","180E23","SML"
618,"GC-6952-CK","CAMION DOBLE CABINA","IVECO","180E23","SML"
619,"GC-6953-CK","CAMION DOBLE CABINA","IVECO","180E23","SML"
620,"8-GC-5/03","MOTO ACUATICA","BOMBARDIER","GTS'00","PC"
621,"GC-0719-CM","TURISMO TODO TERRENO","NISSAN","TERRANO","PYJ"
622,"GC-5620-CM","TURISMO","SEAT","CORDOBA STELLA 1.6","P"
624,"GC-7128-CM","TURISMO","NISSAN","PRIMERA 1.6","CDCA"
626,"MOP20906","VOLQUETE","IVECO","","SML"
627,"GC-5790-BG","FURGON","RENAULT","","SML"
628,"GC-2627-AD","VEHICULO","RENAULT","F6","SML"
629,"GC-2360-H","GUAGUA","PEGASO","","SML"
630,"GC-1972-AJ","VEHICULO","RENAULT","F6","SML"
631,"GC-8103-X","FURGONETA MIXTA CARGA","SEAT","TRANS","SML"
632,"GC-8978-AU","VEHICULO MIXTO ADAPTABLE","NISSAN","TRADE","SML"
633,"GC-9977-U","CAMION RECOLECTOR","PEGASO","1217","SML"
634,"GC-6886-CH","CAMION RECOLECTOR","MERCEDES BENZ","","SML"
635,"GC-01338-VE","DUMPER","AUSA","S 150 - DA","SML"
641,"9843 BFF","VEHICULO MIXTO ADAPTABLE","MAZDA","E2200 GLASS VAN","PC"
642,"9844 BFF","MICROBUS","MAZDA","E2200 GLASS VAN","B"
643,"7959 BBH","CAMION RECOLECTOR COMPACTADOR","MERCEDES BENZ","1831 ACTROS","SML"
644,"7960 BBH","CAMION RECOLECTOR COMPACTADOR","MERCEDES BENZ","1831 ACTROS","SML"
645,"7961 BBH","CAMION RECOLECTOR COMPACTADOR","MERCEDES BENZ","1831 ACTROS","SML"
646,"9823 BFF","TURISMO","SSANGYONG","KORANDO TD","U"
647,"9824 BF","TURISMO TODO TERRENO","SSANGYONG","KORANDO TD","U"
648,"4367 BDT","TURISMO","SEAT","IBIZA 1.4 5V 5P","A"
649,"4369 BDT","TURISMO","SEAT","IBIZA 1.4 5V 5P","A"
650,"4368 BDT","TURISMO","SEAT","CORDOBA STELLA 1.4","A"
651,"7156 BBH","TURISMO","NISSAN","ALMERA","P"
653,"2572 BDY","CAMION RECOLECTOR","SCANIA","P94DB4X2NA","SML"
654,"2571 BDY","CAMION RECOLECTOR","SCANIA","P94DB4X2NA","SML"
655,"2573  BDY","CAMION RECOLECTOR","SCANIA","P94DB4X2NA","SML"
657,"6339 BGJ","CAMION PLATAFORMA","IVECO","150.18 E 4185","A"
658,"9431 BGB","MOTOCICLETA","BMW","F 650 GS","P"
665,"9438 BGB","MOTOCICLETA","BMW","F 650 GS","P"
669,"8904 BHN","CAMION CAJA VOLQUETE","IVECO","130.18 E","SML"
671,"3254 BGN","FURGON","NISSAN","TRADE","A"
672,"3255 BGN","FURGON","NISSAN","TRADE","A"
673,"3256 BGN","FURGON","NISSAN","TRADE","A"
677,"GC-2151-BC","TURISMO","RENAULT","R19","E"
679,"GC-9775-BF","FURGON","RENAULT","EXPRESS 1.6D","E"
681,"GC-2662-BP","CAMION CAJA VOLQUETE","NISSAN","ECO-T","E"
682,"6315 BKS","MOTOCICLETA","BMW","F 650 GS","P"
683,"8-GC-4/03","MOTO ACUATICA","BOMBARDIER","GTI","B"
684,"5260 BMR","TURISMO","NISSAN","ALMERA","STT"
685,"C-8590-BHN","CICLOMOTOR","VESPA","1002","E"
686,"5987 BKS","CAMION PLATAFORMA","MERCEDES BENZ","413 CDI","A"
687,"9494 BPW","FURGON","MERCEDES BENZ","313/40 CDI","B"
689,"3855 BPR","TURISMO","NISSAN","ALMERA","P"
690,"----","GRUPO ELECTROGENO","F.G.WILSON","L 17.5","B"
691,"5596 BSS","VEHICULO MIXTO ADAPTABLE","SEAT","INCA 1.4","IMEF"
692,"5846 BTR","TURISMO","NISSAN","ALMERA","CDC"
693,"4378 BVN","VEHICULO MIXTO ADAPTABLE","SEAT","INCA 1.4","SP"
694,"","MOTOBOMBA","IVECO","EUROFIRE 2000","B"
695,"C-0712 BMT","CICLOMOTOR","SUZUKI","ZILLION 50","SML"
696,"C-0715 BMT","CICLOMOTOR","SUZUKI","ZILLION 50","SML"
697,"C-0714 BMT","CICLOMOTOR","SUZUKI","ZILLION 50","SML"
698,"C-0713 BMT","CICLOMOTOR","SUZUKI","ZILLION 50","SML"
699,"8846 BVM","CAMION BOMBEROS","MERCEDES BENZ","1325 F","B"
700,"5965 BXD","TURISMO","SEAT","IBIZA 1.4 5V 5P","PREV"
701,"8917 BZR","CAMION RECOLECTOR","SCANIA","94L4X2-43","SML"
702,"8918 BZR","CAMION RECOLECTOR","SCANIA","94L4X2-43","SML"
703,"8919 BZR","CAMION RECOLECTOR","SCANIA","94L4X2-43","SML"
704,"3774 BVX","CAMION AMPLIROLL","SCANIA","94L4X2-43","SML"
705,"3308 BVX","CAMION AMPLIROLL","SCANIA","94L4X2-43","SML"
710,"6243 CBR","TURISMO","RENAULT","MEGANE","P"
712,"6257 CBR","TURISMO","RENAULT","MEGANE","P"
713,"","REMOLQUE","FESTUCA","4TT","B"
724,"","MOTOBOMBA","ROSENBAUER","FOX","B"
726,"0812 CCG","MOTOCICLETA","HONDA","FORESIGHT","P"
727,"0940 CCG","MOTOCICLETA","HONDA","FORESIGHT","P"
728,"1019 CCG","MOTOCICLETA","HONDA","FORESIGHT","P"
729,"1050 CCG","MOTOCICLETA","HONDA","FORESIGHT","P"
731,"1126 CCG","MOTOCICLETA","HONDA","FORESIGHT","P"
732,"1153 CCG","MOTOCICLETA","HONDA","FORESIGHT","P"
733,"1159 CCG","MOTOCICLETA","HONDA","FORESIGHT","P"
734,"1179 CCG","MOTOCICLETA","HONDA","FORESIGHT","P"
735,"1200 CCG","MOTOCICLETA","HONDA","FORESIGHT","P"
736,"6796 CGL","CAMION","MERCEDES BENZ","923","B"
737,"6841 CGL","CAMION","MERCEDES BENZ","923","B"
738,"9689 CGP","MOTOCICLETA","YAMAHA","YP 250","P"
739,"9691 CGP","MOTOCICLETA","YAMAHA","YP 250","P"
740,"9708 CGP","MOTOCICLETA","YAMAHA","YP 250","P"
742,"9717 CGP","MOTOCICLETA","YAMAHA","YP 250","P"
743,"9718 CGP","MOTOCICLETA","YAMAHA","YP 250","P"
744,"9720 CGP","MOTOCICLETA","YAMAHA","YP 250","P"
745,"9723 CGP","MOTOCICLETA","YAMAHA","YP 250","P"
746,"9728 CGP","MOTOCICLETA","YAMAHA","YP 250","P"
747,"9733 CGP","MOTOCICLETA","YAMAHA","YP 250","P"
748,"9744 CGP","MOTOCICLETA","YAMAHA","YP 250","P"
749,"9747 CGP","MOTOCICLETA","YAMAHA","YP 250","P"
750,"9749 CGP","MOTOCICLETA","YAMAHA","YP 250","P"
751,"9751 CGP","MOTOCICLETA","YAMAHA","YP 250","P"
752,"9753 CGP","MOTOCICLETA","YAMAHA","YP 250","P"
753,"9762 CGP","MOTOCICLETA","YAMAHA","YP 250","P"
754,"9768 CGP","MOTOCICLETA","YAMAHA","YP 250","P"
755,"9770 CGP","MOTOCICLETA","YAMAHA","YP 250","P"
756,"9773 CGP","MOTOCICLETA","YAMAHA","YP 250","P"
757,"9775 CGP","MOTOCICLETA","YAMAHA","YP 250","P"
758,"9777 CGP","MOTOCICLETA","YAMAHA","YP 250","P"
759,"9780 CGP","MOTOCICLETA","YAMAHA","YP 250","P"
760,"9781 CGP","MOTOCICLETA","YAMAHA","YP 250","P"
761,"9783 CGP","MOTOCICLETA","YAMAHA","YP 250","P"
762,"9784 CGP","MOTOCICLETA","YAMAHA","YP 250","P"
763,"9785 CGP","MOTOCICLETA","YAMAHA","YP 250","P"
764,"9786 CGP","MOTOCICLETA","YAMAHA","YP 250","P"
765,"9787 CGP","MOTOCICLETA","YAMAHA","YP 250","P"
766,"9788 CGP","MOTOCICLETA","YAMAHA","YP 250","P"
767,"9790 CGP","MOTOCICLETA","YAMAHA","YP 250","P"
768,"9792 CGP","MOTOCICLETA","YAMAHA","YP 250","P"
769,"9798 CGP","MOTOCICLETA","YAMAHA","YP 250","P"
770,"9803 CGP","MOTOCICLETA","YAMAHA","YP 250","P"
771,"9805 CGP","MOTOCICLETA","YAMAHA","YP 250","P"
773,"GC-0959-U","MOTOCICLETA","VESPA","200 CC","AR"
778,"---","GRUPO ELECTROGENO","INDAR","P27","A"
779,"---","CARRETILLA ELEVADORA","STILL","R50-15","AG"
780,"---","CARRETILLA ELEVADORA","CATERPILLAR","EP15T-48E","A"
781,"---","CARROZA","","","TM"
782,"---","CARROZA","EBRO","","TM"
783,"1678 CFD","CAMION PLATAFORMA","IVECO","35C11","SML"
784,"0647 CHG","CAMION GRUA","IVECO","190E27K","SML"
785,"--","REMOLQUE","CAMPOSUR","HM-450","B"
786,"--","REMOLQUE","IBERICA","IR-750","B"
788,"5308 CDZ","TURISMO","SMART","SMART-CDI JACK BLACK","SML"
789,"5299 CDZ","TURISMO","SMART","SMART-CDI JACK BLACK","SML"
790,"5301 CDZ","TURISMO","SMART","SMART-CDI JACK BLACK","SML"
791,"5298 CDZ","TURISMO","SMART","SMART-CDI JACK BLACK","SML"
792,"--","REMOLQUE","ERKA","800","ES"
793,"8916 CFS","CAMION RECOLECTOR COMPACTADOR","SCANIA","P94DB4X2NA","SML"
794,"8891 CFS","CAMION RECOLECTOR COMPACTADOR","SCANIA","P94DB4X2NA","SML"
796,"8465 CLG","CAMION RECOLECTOR COMPACTADOR","SCANIA","P94DB4X2NA","SML"
797,"8466 CLG","CAMION RECOLECTOR COMPACTADOR","SCANIA","P94DB4X2NA","SML"
798,"8468 CLG","CAMION RECOLECTOR COMPACTADOR","SCANIA","P94DB4X2NA","SML"
799,"6532 CND","CAMION GRUA","NISSAN","CABSTAR 120.35/3","TM"
800,"E-3178-BCM","MOTOCICLETA","BOMBARDIER","RALLY","B"
801,"4813 CNS","FURGONETA MIXTA","VOLKSWAGEN","CADDY COMBI 1,4 60CV","P"
802,"2210 CPL","CAMION","MERCEDES BENZ","U400","B"
803,"0215 CPN","TURISMO","RENAULT","CLIO","P"
804,"0218 CPN","TURISMO","RENAULT","CLIO","P"
805,"0221 CPN","TURISMO","RENAULT","MEGANE","P"
806,"0225 CPN","TURISMO","RENAULT","MEGANE","P"
808,"0560 CRC","TURISMO","NISSAN","TERRANO","P"
811,"5674 CRZ","CAMION BOMBEROS","MERCEDES BENZ","1528 F","B"
812,"9246 CSZ","VEHICULO MIXTO ADAPTABLE","NISSAN","TERRANO","P"
814,"4755 CWK","TURISMO","RENAULT","CLIO","A"
815,"HORMIGONERA","HORMIGONERA","","","TM"
816,"HORMIGONERA","HORMIGONERA","","","TM"
818,"CARROZA","CARROZA","SCANIA","","TM"
821,"7694 CWB","VEHICULO MIXTO ADAPTABLE","FIAT","DUCATO 11 PANORAMA","P"
822,"8631 CWB","VEHICULO MIXTO ADAPTABLE","FIAT","DUCATO 11 PANORAMA","P"
823,"5556 CTV","CAMION BOMBEROS","MERCEDES BENZ","923","B"
824,"5572 CTV","CAMION BOMBEROS","MERCEDES BENZ","923","B"
825,"5014 CZK","CAMION CISTERNA","SCANIA","P114DB6X2*4NA","SML"
826,"5015 CZK","CAMION CISTERNA","SCANIA","P114DB6X2*4NA","SML"
828,"8588 CWL","TURISMO","RENAULT","MEGANE","P"
829,"9334 CWL","TURISMO","RENAULT","MEGANE","P"
830,"9097 DCB","CAMION CAJA","IVECO","029L12","SML"
831,"9094 DCB","CAMION CAJA","IVECO","029L12","SML"
832,"9091 DCB","CAMION CAJA","IVECO","029L12","SML"
833,"9093 DCB","CAMION CAJA","IVECO","029L12","SML"
834,"5013 CZK","CAMION CISTERNA","SCANIA","P114DB6X2*4NA","SML"
835,"E-1226-BCY","DUMPER","AUSA","","M"
836,"8511 BNL","FURGON","NISSAN","TL","SML"
837,"8512 BNL","FURGON","NISSAN","TL","SML"
838,"0865 BZL","CAMION RECOLECTOR","SCANIA","94L 6X2","SML"
839,"9638 CGR","LAVACONTENEDORES","SCANIA","94L4X2-43","SML"
840,"7998 BGV","CAMION RECOLECTOR COMPACTADOR","SCANIA","94L4X2-43","SML"
841,"7999 BGV","CAMION RECOLECTOR COMPACTADOR","SCANIA","94L4X2-43","SML"
842,"GC-3101-BG","TURISMO","RENAULT","EXPRESS 1.6D","E"
844,"6408 BLK","CAMION CAJA VOLQUETE","NISSAN","CABSTAR 120.35/3","E"
845,"5632 BJW","VEHICULO MIXTO ADAPTABLE","NISSAN","TRADE","E"
846,"2626 BVP","TURISMO","SMART","SMART-CDI JACK BLACK","B"
847,"7759 DVS","MOTOCICLETA","PIAGGIO","LIBERTY 125 4T","AR"
848,"7831 DVS","MOTOCICLETA","PIAGGIO","LIBERTY 125 4T","AR"
849,"3478 BVX","VEHICULO MIXTO ADAPTABLE","IVECO","","PYJ"
850,"3719 BVX","VEHICULO MIXTO ADAPTABLE","IVECO","","PYJ"
851,"7897 DZD","MOTOCICLETA","YAMAHA","YP 250","P"
852,"2972 DZF","MOTOCICLETA","YAMAHA","YP 250","P"
853,"2974 DZF","MOTOCICLETA","YAMAHA","YP 250","P"
854,"2978 DZF","MOTOCICLETA","YAMAHA","YP 250","P"
855,"2981 DZF","MOTOCICLETA","YAMAHA","YP 250","P"
856,"2984 DZF","MOTOCICLETA","YAMAHA","YP 250","P"
857,"2986 DZF","MOTOCICLETA","YAMAHA","YP 250","P"
858,"2989 DZF","MOTOCICLETA","YAMAHA","YP 250","P"
859,"2990 DZF","MOTOCICLETA","YAMAHA","YP 250","P"
860,"2997 DZF","MOTOCICLETA","YAMAHA","YP 250","P"
861,"3000 DZF","MOTOCICLETA","YAMAHA","YP 250","P"
862,"3059 DZF","MOTOCICLETA","YAMAHA","YP 250","P"
863,"3062 DZF","MOTOCICLETA","YAMAHA","YP 250","P"
864,"7860 DZD","MOTOCICLETA","YAMAHA","YP 250","P"
865,"2994 DZF","MOTOCICLETA","YAMAHA","YP 250","P"
866,"2998 DZF","MOTOCICLETA","YAMAHA","YP 250","P"
867,"5029 DZL","MOTOCICLETA","YAMAHA","XT660R","P"
868,"5040 DZL","MOTOCICLETA","YAMAHA","XT660R","P"
869,"5051 DZL","MOTOCICLETA","YAMAHA","XT660R","P"
870,"5061 DZL","MOTOCICLETA","YAMAHA","XT660R","P"
871,"5068 DZL","MOTOCICLETA","YAMAHA","XT660R","P"
872,"5078 DZL","MOTOCICLETA","YAMAHA","XT660R","P"
873,"5093 DZL","MOTOCICLETA","YAMAHA","XT660R","P"
874,"8344 FCM","VEHICULO MIXTO ADAPTABLE","RENAULT","MASTER 3.500 COMBI","P"
875,"8350 FCM","VEHICULO MIXTO ADAPTABLE","RENAULT","MASTER 3.500 COMBI","P"
876,"8128 BVM","VEHICULO MIXTO ADAPTABLE","SEAT","INCA 1.4","PYJ"
877,"8163 BVM","VEHICULO MIXTO ADAPTABLE","SEAT","INCA 1.4","PYJ"
878,"7092 FFX","FURGON","MERCEDES BENZ","815 D","B"
879,"7145 FFX","FURGON","MERCEDES BENZ","111 CDI","B"
880,"1349 FDB","CAMION CAJA","TOYOTA","HILUX","B"
881,"1354 FDB","CAMION CAJA","TOYOTA","HILUX","B"
882,"0902 CBJ","CAMION CAJA","NISSAN","TRADE","SML"
883,"0868 CBJ","CAMION CAJA","NISSAN","TRADE","SML"
884,"4591 FJK","CAMION","MERCEDES BENZ","2644 6X4","B"
885,"6583 FKN","MOTOCICLETA","PIAGGIO","LIBERTY 125 4T","AR"
886,"6585 FKN","MOTOCICLETA","PIAGGIO","LIBERTY 125 4T","AR"
887,"","PALA CARGADORA","CATERPILLAR","963B","SML"
888,"","COMPACTADOR","CATERPILLAR","826G","SML"
889,"0233 FJX","MOTOCICLETA","YAMAHA","FZ6-S","P"
890,"0238 FJX","MOTOCICLETA","YAMAHA","FZ6-S","P"
891,"0241 FJX","MOTOCICLETA","YAMAHA","FZ6-S","P"
892,"0246 FJX","MOTOCICLETA","YAMAHA","FZ6-S","P"
893,"0252 FJX","MOTOCICLETA","YAMAHA","FZ6-S","P"
894,"3526 BHB","CAMION","MERCEDES BENZ","1528 F","B"
895,"GC-5704-CB","CAMION BOMBEROS","MERCEDES BENZ","1124AF","B"
896,"GC-5705-CB","CAMION BOMBEROS","MERCEDES BENZ","1124AF","B"
897,"GC-9772-CB","CAMION BOMBEROS","MERCEDES BENZ","2031","B"
898,"GC-9773-CB","CAMION BOMBEROS","MERCEDES BENZ","2031","B"
899,"GC-0440-BL","CAMION BOMBEROS","MERCEDES BENZ","2031","B"
902,"E-5357-BBB","CRIBADORA","KASSBOHRER","","PL"
905,"GC-7857-CH","FURGON","NISSAN","","PL"
906,"GC-4389-CF","VEHICULO LIGERO","RENAULT","","PL"
907,"905294","BARREDORA","APPLIED","","PL"
909,"9540 BVB","CAMION CUBA","IVECO","","PL"
910,"0161 BSJ","FURGONETA","NISSAN","","PL"
911,"GC-2115-AF","MOTOCICLETA","BMW","R 65","PC"
912,"GC-3398-BB","MOTOCICLETA","YAMAHA","XT 350","P"
913,"1452 GFB","CAMION BOMBEROS","MERCEDES BENZ","816","B"
914,"5542 GFD","FURGON","PEUGEOT","BOXER FG 435 L4H2","PC"
915,"L7-GC1-102","BARCAZA CON MOTOR","DUCATO","","P"
916,"8959 FZR","MOTOCICLETA","PIAGGIO","LIBERTY 125 4T","AR"
917,"2388 GCV","CAMION BOMBEROS","MERCEDES BENZ","","B"
918,"2406 GCV","CAMION BOMBEROS","MERCEDES BENZ","","B"
919,"E-1040-BFK","MAQUINA SERVICIO AUTOMOTRIZ","YAMAHA","KODIAK YFM400 FW","B"
920,"1712-GHP","FURGON OFICINA","RENAULT","MASTER","P"
921,"9836-FHW","MOTOCICLETA","PIAGGIO","BEVERLY 250IE","P"
922,"9920 DGZ","JEEP","FORD","RANGER","SML"
923,"4865-GJV","FURGON","FIAT","COMER DUCATO 30","A"
924,"3441-GKS","MOTOCICLETA","YAMAHA","YP 250","P"
925,"3447-GKS","MOTOCICLETA","YAMAHA","YP 250","P"
926,"3476-GKS","MOTOCICLETA","YAMAHA","YP 250","P"
927,"3489-GKS","MOTOCICLETA","YAMAHA","YP 250","P"
928,"3509-GKS","MOTOCICLETA","YAMAHA","YP 250","P"
929,"3517-GKS","MOTOCICLETA","YAMAHA","YP 250","P"
930,"3589-GKS","MOTOCICLETA","YAMAHA","YP 250","P"
931,"3640-GKS","MOTOCICLETA","YAMAHA","YP 250","P"
932,"4371-GKS","MOTOCICLETA","YAMAHA","YP 250","P"
933,"","BICICLETA","BH","BI 0023","P"
934,"","BICICLETA","BH","BI 0023","P"
935,"","BICICLETA","BH","BI 0023","P"
936,"","BICICLETA","BH","BI 0023","P"
937,"","BICICLETA","TREK","TBI 1380","P"
938,"","BICICLETA","TREK","TBI 1380","P"
945,"9806-GYT","TURISMO","VOLKSWAGEN","GOLF","P"
946,"9896-GYT","TURISMO","VOLKSWAGEN","GOLF","P"
947,"9945-GYYT","TURISMO","VOLKSWAGEN","GOLF","P"
948,"1529 GXK","TURISMO","RENAULT","MEGANE","P"
949,"1545 GXK","TURISMO","RENAULT","MEGANE","P"
950,"1549 GXK","TURISMO","RENAULT","MEGANE","P"
951,"GC-3835-BG","VEHICULO","SEAT","TOLEDO 2.0","PC"
952,"GC-7505-CC","CAMION FURGON","VOLKSWAGEN","CADDY 1.4","P"
954,"6117-CBR","VEHICULO MIXTO ADAPTABLE","RENAULT","KANGOO","PC"
957,"0322-HBT","MOTOCICLETA","ERIDER","BERECO","P"
958,"0324-HBT","MOTOCICLETA","ERIDER","BERECO","P"
959,"0331-HBT","MOTOCICLETA","ERIDER","BERECO","P"
960,"0342-HBT","MOTOCICLETA","ERIDER","BERECO","P"
961,"6934-HBR","MOTOCICLETA","HONDA","NT700VA","P"
962,"1816-HBS","MOTOCICLETA","HONDA","NT700VA","P"
963,"1817-HBS","MOTOCICLETA","HONDA","NT700VA","P"
964,"1818-HBS","MOTOCICLETA","HONDA","NT700VA","P"
965,"1819-HBS","MOTOCICLETA","HONDA","NT700VA","P"
966,"1820-HBS","MOTOCICLETA","HONDA","NT700VA","P"
967,"1821-HBS","MOTOCICLETA","HONDA","NT700VA","P"
968,"1822-HBS","MOTOCICLETA","HONDA","NT700VA","P"
969,"1823-HBS","MOTOCICLETA","HONDA","NT700VA","P"
970,"1847-HBS","MOTOCICLETA","HONDA","NT700VA","P"
971,"","BICICLETA","BH","BOLERO 24","P"
972,"","BICICLETA","BH","BOLERO 24","P"
973,"","BICICLETA","BH","BOLERO 24","P"
974,"","BICICLETA","BH","BOLERO 24","P"
975,"","BICICLETA","BH","BOLERO 24","P"
976,"","BICICLETA","BH","BOLERO 24","P"
977,"","BICICLETA","BH","BOLERO 24","P"
978,"","BICICLETA","BH","BOLERO 24","P"
979,"","BICICLETA","BH","BOLERO 24","P"
980,"","BICICLETA","BH","BOLERO 24","P"
981,"","BICICLETA","BH","BOLERO 24","P"
982,"","BICICLETA","BH","BOLERO 24","P"
983,"","BICICLETA","BH","BOLERO 24","P"
984,"","BICICLETA","BH","BOLERO 24","P"
985,"","BICICLETA","BH","BOLERO 24","P"
986,"","BICICLETA","BH","BOLERO 26","P"
987,"","BICICLETA","BH","BOLERO 26","P"
988,"","BICICLETA","BH","BOLERO 26","P"
989,"","BICICLETA","BH","BOLERO 26","P"
990,"","BICICLETA","BH","BOLERO 26","P"
991,"","BICICLETA","BH","BOLERO 26","P"
992,"","BICICLETA","BH","BOLERO 26","P"
993,"","BICICLETA","BH","BOLERO 20","P"
994,"","BICICLETA","BH","BOLERO 20","P"
995,"","BICICLETA","BH","BOLERO 20","P"
996,"","BICICLETA","BH","BOLERO 20","P"
997,"","BICICLETA","BH","BOLERO 20","P"
998,"","BICICLETA","BH","BOLERO 20","P"
999,"","BICICLETA","BH","BOLERO 20","P"
1000,"","BICICLETA","BH","BOLERO 20","P"
1001,"","TRICICLO","GOMIER","","P"
1002,"","TRICICLO","GOMIER","","P"
1003,"","BICICLETA","BH","CALIFORNIA 20","P"
1004,"","BICICLETA","BH","CALIFORNIA 20","P"
1005,"","BICICLETA","BH","CALIFORNIA 20","P"
1006,"","BICICLETA","BH","CALIFORNIA 20","P"
1007,"","BICICLETA","BH","CALIFORNIA 20","P"
1008,"","BICICLETA","BH","CALIFORNIA 20","P"
1009,"","BICICLETA","BH","CALIFORNIA 20","P"
1010,"","BICICLETA","BH","CALIFORNIA 20","P"
1011,"","BICICLETA","BH","CALIFORNIA 20","P"
1012,"","BICICLETA","BH","CALIFORNIA 20","P"
1013,"","BICICLETA","BH","CALIFORNIA 20","P"
1014,"","BICICLETA","BH","CALIFORNIA 20","P"
1015,"","KART MONOPLAZA","HONDA","GX120","P"
1016,"","KART MONOPLAZA","HONDA","GX120","P"
1017,"","KART MONOPLAZA","HONDA","GX120","P"
1018,"","KART MONOPLAZA","HONDA","GX120","P"
1019,"","KART MONOPLAZA","HONDA","GX120","P"
1020,"","KART MONOPLAZA","HONDA","GX120","P"
1021,"","KART BIPLAZA","HONDA","GX200","P"
1022,"","KART BIPLAZA","HONDA","GX200","P"
1023,"1743-DBB","TURISMO","RENAULT","MEGANE","PYJ"
1024,"4301-DCP","TURISMO","RENAULT","CLIO","PYJ"
1025,"4176-DCP","TURISMO","RENAULT","CLIO","PYJ"
1026,"1234-DPN","TURISMO TODO TERRENO","KIO","SORENTO","PYJ"
1027,"1679-DBG","VEHICULO MIXTO ADAPTABLE","FIAT","DOBLO","PYJ"
1028,"1692-DBG","VEHICULO MIXTO ADAPTABLE","KIO","DOBLO","PYJ"
1029,"2110-DBB","VEHICULO MIXTO ADAPTABLE","RENAULT","KANGOO","PYJ"
1030,"2140-DBB","VEHICULO MIXTO ADAPTABLE","RENAULT","KANGOO","PYJ"
1031,"E-0933-BCW","MAQUINARIA OBRAS","BATANERO","YUMBO 5000-2BH","PYJ"
1032,"E-1779-BCW","TRACTOR","NEW HOLLAND","TD95D(4WD)","PYJ"
1033,"6141-DBG","TURISMO TODO TERRENO","SUZUKI","VITARA","TM"
1034,"6480-DBG","TURISMO TODO TERRENO","SUZUKI","VITARA","TM"
1035,"6492-DBG","TURISMO TODO TERRENO","SUZUKI","VITARA","TM"
1037,"7847-DBG","TURISMO TODO TERRENO","SUZUKI","VITARA","TM"
1038,"3215-DND","TURISMO","RENAULT","MEGANE","TM"
1039,"5112-DSD","CAMION","NISSAN","CABSTAR 120.35/3","E"
1040,"GC-0074-BV","CAMION","SCANIA","","E"
1041,"3387-BSK","CAMION","SCANIA","","E"
1042,"0379-BHV","TURISMO","RENAULT","MEGANE","E"
1043,"0377-BHV","TURISMO FURGONETA","RENAULT","KANGOO","E"
1044,"5155-BJH","TURISMO FURGONETA","RENAULT","KANGOO","E"
1045,"5129-DSD","CAMION CAJA","NISSAN","ATLEON","E"
1046,"E-7568-BCF","BARREDORA","RAVO","","SML"
1047,"5900-BKS","FURGONETA","NISSAN","TRADE","E"
1048,"9287- DMZ","TURISMO FURGONETA","RENAULT","KANGOO","E"
1049,"7157-DMR","TURISMO","RENAULT","MEGANE","E"
1050,"0217-DPT","CAMION","NISSAN","CABSTAR 120.35/3","E"
1051,"1468-DSY","CAMION","IVECO","","E"
1052,"0378-BHV","TURISMO FURGONETA","RENAULT","KANGOO","E"
1053,"9299-DMZ","TURISMO FURGONETA","RENAULT","KANGOO","E"
1054,"9296-DMZ","TURISMO FURGONETA","RENAULT","KANGOO","E"
1055,"2120-DBB","VEHICULO MIXTO ADAPTABLE","RENAULT","KANGOO","TM"
1056,"2129-DBB","VEHICULO MIXTO ADAPTABLE","RENAULT","KANGOO","B"
1057,"9916-DBF","FURGON","PEUGEOT","BOXCF FG 350LH 2","B"
1058,"0019-CBG","FURGON","PEUGEOT","BOXCF FG 350LH 2","PYJ"
1059,"0499-DBG","FURGON","PEUGEOT","BOXCF FG 350LH 2","PYJ"
1060,"1673-DBG","VEHICULO MIXTO ADAPTABLE","IVECO","35C12","P"
1061,"1955-DBP","VEHICULO MIXTO ADAPTABLE","RENAULT","KANGOO","B"
1062,"7990-DCK","CAMION PLATAFORMA","NISSAN","CABSTAR 120.35/3","A"
1063,"5541-DCP","CAMION PLATAFORMA","IVECO","50C 13","A"
1064,"3580-DCZ","TURISMO","RENAULT","CLIO","TM"
1066,"2242-DFC","VEHICULO MIXTO ADAPTABLE","PEUGEOT","BOXCF CB 330 MH 2","SP"
1067,"2300-DFC","VEHICULO MIXTO ADAPTABLE","PEUGEOT","BOXCF CB 330 MH 2","PYJ"
1069,"7929-DFX","VEHICULO MIXTO ADAPTABLE","PEUGEOT","BOXCF CB 330 MH 2","PYJ"
1070,"0804-DHD","CAMION","NISSAN","CABSTAR 120.35/3","PYJ"
1073,"8418-DPM","VEHICULO MIXTO ADAPTABLE","KIA","KIA PREGIO","VOSA"
1074,"8436-DPM","VEHICULO MIXTO ADAPTABLE","KIA","KIA PREGIO","TM"
1075,"8451-DPM","VEHICULO MIXTO ADAPTABLE","KIA","KIA PREGIO","VOSA"
1076,"8467-DPM","VEHICULO MIXTO ADAPTABLE","KIA","KIA PREGIO","DE"
1077,"8494-DPM","FURGON","KIA","KIA PREGIO","DE"
1078,"8571-DPM","CAMION CAJA","KIA","FRONTIER","CDIPG"
1079,"0097-DPT","CAMION CAJA","KIA","FRONTIER","M"
1080,"5721-FGH","CAMION CAJA","IVECO","ML 150E24","PYJ"
1081,"R-5979-BBT","REMOLQUE","SAELEN","MV MAXOR","PYJ"
1082,"3394-HLX","TURISMO","NISSAN","JUKE 1.6 I ACENTA","PAT"
1088,"---","COMPACTADOR","CATERPILLAR","816","SML"
1090,"7466-BDF","TURISMO","SEAT","IBIZA 1.4 5V 3P","B"
1091,"0432-BLV","TURISMO","TOYOTA","1.3 YARIS 3D","P"
1092,"1041-BLP","TURISMO","TOYOTA","1.3 YARIS 3D","P"
1093,"1042-BLP","TURISMO","TOYOTA","1.3 YARIS 3D","P"
1094,"3083-BRJ","VEHICULO MIXTO ADAPTABLE","RENAULT","KANGOO","PC"
1095,"3084-BRJ","VEHICULO MIXTO ADAPTABLE","RENAULT","KANGOO","PC"
1096,"B55","BICICLETA","ORBEA","SATELLITE MTB2013","P"
1097,"B56","BICICLETA","ORBEA","SATELLITE MTB2013","P"
1098,"B57","BICICLETA","ORBEA","SATELLITE MTB2013","P"
1099,"B58","BICICLETA","ORBEA","SATELLITE MTB2013","P"
1100,"B59","BICICLETA","ORBEA","SATELLITE MTB2013","P"
1101,"B60","BICICLETA","ORBEA","SATELLITE MTB2013","P"
1102,"B7","BICICLETA","BH","BI 0023","P"
1103,"B8","BICICLETA","BH","BI 0023","P"
1104,"B9","BICICLETA","BH","BI 0023","P"
1105,"B10","BICICLETA","BH","BI 0023","P"
1106,"B11","BICICLETA","OVER","X 5.5 SH 21V","P"
1107,"B12","BICICLETA","OVER","X 5.5 SH 21V","P"
1108,"B61","BICICLETA","ORBEA","SATELLITE MTB2013","P"
1109,"B62","BICICLETA","ORBEA","SATELLITE MTB2013","P"
1110,"1427-HRC","CAMION","MERCEDES BENZ","950.644/2633 C/","B"
1112,"3215-DND","TURISMO","RENAULT","MEGANE","TM"
1114,"B63","BICICLETA","ORBEA","MX 27 40-15 2015","P"
1115,"B64","BICICLETA","ORBEA","MX 27 40-15 2015","P"
1116,"B65","BICICLETA","ORBEA","MX 27 40-15 2015","P"
1117,"B66","BICICLETA","ORBEA","MX 27 40-15 2015","P"
1118,"B67","BICICLETA","ORBEA","MX 27 40-15 2015","P"
1119,"B68","BICICLETA","ORBEA","MX 27 40-15 2015","P"
1120,"B69","BICICLETA","ORBEA","MX 27 40-15 2015","P"
1121,"B70","BICICLETA","ORBEA","MX 27 40-15 2015","P"
1122,"B71","BICICLETA","ORBEA","MX 27 40-15 2015","P"
1123,"B72","BICICLETA","ORBEA","MX 27 40-15 2015","P"
1124,"B73","BICICLETA","ORBEA","MX 27 40-15 2015","P"
1125,"B74","BICICLETA","ORBEA","MX 27 40-15 2015","P"
1126,"B75","BICICLETA","ORBEA","MX 27 40-15 2015","P"
1127,"B76","BICICLETA","ORBEA","MX 27 40-15 2015","P"
1128,"B77","BICICLETA","ORBEA","MX 27 40-15 2015","P"
1129,"GC-9343-CF","TURISMO TODO TERRENO","TOYOTA","RAV-4 5-D","P"
1130,"8982-JBN","MICROBUS","CITROEN","NJUMPY125MULTBUSL","P"
1131,"B78","BICICLETA","ORBEA","MX 27 40-15 2015","P"
1132,"B79","BICICLETA","ORBEA","MX 27 40-15 2015","P"
1133,"B80","BICICLETA","ORBEA","MX 27 40-15 2015","P"
1134,"B81","BICICLETA","ORBEA","MX 27 40-15 2015","P"
1135,"B82","BICICLETA","ORBEA","MX 27 40-15 2015","P"
1136,"B83","BICICLETA","ORBEA","MX 27 40-15 2015","P"
1137,"B84","BICICLETA","ORBEA","MX 27 40-15 2015","P"
1138,"B85","BICICLETA","ORBEA","MX 27 40-15 2015","P"
1139,"B86","BICICLETA","ORBEA","MX 27 40-15 2015","P"
1140,"B87","BICICLETA","ORBEA","MX 27 40-15 2015","P"
1141,"B88","BICICLETA","ORBEA","MX 27 40-15 2015","P"
1142,"7157-DMR","TURISMO","RENAULT","MEGANE","TM"
1143,"9312-FGN","VEHICULO MIXTO ADAPTABLE","VOLKSWAGEN","CADDY 1,9 TDI 5V","P"
1144,"8-GC-2/15","MOTO ACUATICA","YAMAHA","VX1100-C-N","PL"
1145,"B89","BICICLETA","ORBEA","MX 27 40-15 2015","AGM"
1146,"B90","BICICLETA","ORBEA","MX 27 40-15 2015","AGM"
1147,"B91","BICICLETA","ORBEA","MX 27 40-15 2015","AGM"
1148,"B92","BICICLETA","ORBEA","MX 27 40-15 2015","AGM"
1149,"2131-GGR","TURISMO","BMW","SERIE 3","P"
1150,"1522-FTR","TURISMO","DACIA","LOGAN","P"
1151,"9151-CJP","TURISMO","RENAULT","MEGANE","P"
1152,"9796-FKZ","VEHICULO MIXTO ADAPTABLE","NISSAN","PRIMASTAR","P"
1154,"7574-JKX","VEHICULO MIXTO ADAPTABLE","RENAULT","TRAFIC","P"
1155,"7579-JKX","VEHICULO MIXTO ADAPTABLE","RENAULT","TRAFIC","P"
1156,"4620-DVS","CAMION CAJA","NISSAN","NAVARA","P"
1157,"0185-JLX","TURISMO","RENAULT","MEGANE","P"
1158,"0186-JLX","TURISMO","RENAULT","MEGANE","P"
1159,"3300-BDK","TURISMO","RENAULT","MEGANE SCENIC","P"
1160,"9499-FRC","FURGON","OPEL","COMBO-C VAN","IMEF"
1161,"C-6003-BTPO","CICLOMOTOR","YAMAHA","CS50Z","P"
1162,"5911-BZL","FURGON","HYUNDAI","H-1","P"
1163,"1558-GGL","TURISMO","TOYOTA","1,3 YARIS 5-D TERRA","P"
1164,"1675-JSS","CAMION BOMBEROS","IVECO","260","B"
1165,"9357-FJG","TURISMO","RENAULT","CLIO","P"
1166,"5095-DRN","TURISMO","RENAULT","LAGUNA 2.0","P"
1167,"4928-KCV","VEHICULO MIXTO ADAPTABLE","FIAT","FIAT DUCATO","P"
1168,"4929-KCV","VEHICULO MIXTO ADAPTABLE","FIAT","FIAT DUCATO","P"
1169,"4931-KCV","VEHICULO MIXTO ADAPTABLE","FIAT","FIAT DUCATO","P"
1170,"9529-BXG","VEHICULO MIXTO ADAPTABLE","CITROEN","BERLINGO 1.4 I COMBI","P"
1171,"4824-GZN","TURISMO","TOYOTA","AURIS","P"
